date,to,from_,size,type_
2023-01-01 08:27:20,(956) 584-7282,(996) 911-9760,0.1 MB,Sent Media
2023-01-01 13:19:05,(304) 766-7452,(996) 911-9760,204 characters,Sent Text
2023-01-01 14:20:40,(956) 584-7282,(996) 911-9760,47 characters,Sent Text
2023-01-02 12:17:19,(956) 584-7282,(996) 911-9760,279 characters,Received Text
2023-01-02 12:40:50,(956) 584-7282,(996) 911-9760,32 minutes,Inbound Call
2023-01-05 09:57:07,(956) 584-7282,(996) 911-9760,17 minutes,Outbound Call
2023-01-07 13:09:19,(956) 584-7282,(996) 911-9760,234 characters,Received Text
2023-01-08 21:21:35,(956) 584-7282,(996) 911-9760,341 characters,Sent Text
2023-01-09 08:53:45,(956) 584-7282,(996) 911-9760,118 minutes,Outbound Call
2023-01-09 11:40:28,(956) 584-7282,(996) 911-9760,31 characters,Received Text
2023-01-10 11:18:51,(956) 584-7282,(996) 911-9760,27 characters,Received Text
2023-01-10 12:53:32,(304) 766-7452,(996) 911-9760,191 characters,Sent Text
2023-01-10 17:13:00,(956) 584-7282,(996) 911-9760,325 characters,Sent Text
2023-01-10 18:51:57,(304) 766-7452,(996) 911-9760,103 minutes,Outbound Call
2023-01-11 13:16:31,(304) 766-7452,(996) 911-9760,92 characters,Received Text
2023-01-11 17:45:10,(304) 766-7452,(996) 911-9760,126 characters,Sent Text
2023-01-12 09:26:12,(304) 766-7452,(996) 911-9760,129 characters,Received Text
2023-01-12 10:50:07,(304) 766-7452,(996) 911-9760,313 characters,Sent Text
2023-01-13 11:28:25,(956) 584-7282,(996) 911-9760,279 characters,Sent Text
2023-01-14 15:10:23,(304) 766-7452,(996) 911-9760,348 characters,Received Text
2023-01-15 12:07:22,(304) 766-7452,(996) 911-9760,112 characters,Received Text
2023-01-15 13:57:36,(956) 584-7282,(996) 911-9760,70 minutes,Outbound Call
2023-01-16 20:11:12,(304) 766-7452,(996) 911-9760,267 characters,Received Text
2023-01-17 16:58:42,(956) 584-7282,(996) 911-9760,98 minutes,Outbound Call
2023-01-17 19:05:48,(956) 584-7282,(996) 911-9760,135 characters,Received Text
2023-01-18 08:15:31,(956) 584-7282,(996) 911-9760,319 characters,Received Text
2023-01-18 08:27:05,(304) 766-7452,(996) 911-9760,38 minutes,Inbound Call
2023-01-18 18:38:30,(304) 766-7452,(996) 911-9760,293 characters,Sent Text
2023-01-19 10:16:25,(304) 766-7452,(996) 911-9760,221 characters,Received Text
2023-01-19 11:08:27,(956) 584-7282,(996) 911-9760,202 characters,Sent Text
2023-01-19 16:51:28,(304) 766-7452,(996) 911-9760,328 characters,Sent Text
2023-01-19 18:15:41,(304) 766-7452,(996) 911-9760,103 minutes,Outbound Call
2023-01-19 21:56:11,(956) 584-7282,(996) 911-9760,38 minutes,Inbound Call
2023-01-20 08:14:03,(956) 584-7282,(996) 911-9760,310 characters,Received Text
2023-01-21 13:56:26,(304) 766-7452,(996) 911-9760,84 minutes,Inbound Call
2023-01-22 12:03:03,(956) 584-7282,(996) 911-9760,16.4 MB,Sent Media
2023-01-22 14:25:42,(304) 766-7452,(996) 911-9760,50 characters,Received Text
2023-01-22 18:37:42,(304) 766-7452,(996) 911-9760,78 minutes,Outbound Call
2023-01-23 20:35:09,(956) 584-7282,(996) 911-9760,115 characters,Received Text
2023-01-24 09:43:46,(304) 766-7452,(996) 911-9760,115 characters,Sent Text
2023-01-24 10:19:39,(304) 766-7452,(996) 911-9760,110 minutes,Inbound Call
2023-01-25 18:13:41,(956) 584-7282,(996) 911-9760,40 minutes,Inbound Call
2023-01-25 21:19:20,(304) 766-7452,(996) 911-9760,147 characters,Received Text
2023-01-26 11:36:50,(956) 584-7282,(996) 911-9760,344 characters,Sent Text
2023-01-26 18:41:52,(304) 766-7452,(996) 911-9760,5.7 MB,Received Media
2023-01-26 19:12:18,(304) 766-7452,(996) 911-9760,102 minutes,Inbound Call
2023-01-26 19:43:41,(956) 584-7282,(996) 911-9760,326 characters,Received Text
2023-01-27 08:01:54,(956) 584-7282,(996) 911-9760,94 minutes,Inbound Call
2023-01-27 10:52:55,(956) 584-7282,(996) 911-9760,2 characters,Received Text
2023-01-27 15:27:14,(304) 766-7452,(996) 911-9760,34 minutes,Inbound Call
2023-01-28 14:58:50,(956) 584-7282,(996) 911-9760,273 characters,Received Text
2023-01-29 08:45:17,(304) 766-7452,(996) 911-9760,80 characters,Sent Text
2023-01-30 16:45:33,(956) 584-7282,(996) 911-9760,84 minutes,Outbound Call
2023-02-01 21:29:53,(956) 584-7282,(996) 911-9760,80 characters,Received Text
2023-02-01 21:48:27,(304) 766-7452,(996) 911-9760,158 characters,Sent Text
2023-02-02 11:56:36,(956) 584-7282,(996) 911-9760,216 characters,Received Text
2023-02-02 13:51:57,(304) 766-7452,(996) 911-9760,188 characters,Received Text
2023-02-02 15:19:46,(304) 766-7452,(996) 911-9760,55 characters,Sent Text
2023-02-02 19:37:49,(304) 766-7452,(996) 911-9760,12.1 MB,Received Media
2023-02-02 21:27:22,(956) 584-7282,(996) 911-9760,116 minutes,Inbound Call
2023-02-04 09:32:05,(304) 766-7452,(996) 911-9760,59 minutes,Outbound Call
2023-02-05 08:50:47,(956) 584-7282,(996) 911-9760,87 characters,Sent Text
2023-02-05 16:29:19,(304) 766-7452,(996) 911-9760,109 characters,Received Text
2023-02-05 16:56:32,(956) 584-7282,(996) 911-9760,23 minutes,Inbound Call
2023-02-05 20:31:20,(304) 766-7452,(996) 911-9760,22 minutes,Outbound Call
2023-02-06 09:45:31,(956) 584-7282,(996) 911-9760,315 characters,Received Text
2023-02-06 09:58:02,(304) 766-7452,(996) 911-9760,12 characters,Sent Text
2023-02-06 14:41:18,(956) 584-7282,(996) 911-9760,215 characters,Sent Text
2023-02-06 18:29:40,(956) 584-7282,(996) 911-9760,15.8 MB,Sent Media
2023-02-06 19:22:08,(956) 584-7282,(996) 911-9760,89 minutes,Inbound Call
2023-02-07 09:02:12,(956) 584-7282,(996) 911-9760,157 characters,Received Text
2023-02-07 10:09:53,(304) 766-7452,(996) 911-9760,48 characters,Sent Text
2023-02-07 11:36:15,(304) 766-7452,(996) 911-9760,50 minutes,Inbound Call
2023-02-08 19:02:17,(956) 584-7282,(996) 911-9760,159 characters,Sent Text
2023-02-09 19:18:50,(304) 766-7452,(996) 911-9760,2 characters,Sent Text
2023-02-09 20:01:07,(956) 584-7282,(996) 911-9760,94 characters,Sent Text
2023-02-09 21:18:11,(956) 584-7282,(996) 911-9760,330 characters,Received Text
2023-02-10 11:30:50,(304) 766-7452,(996) 911-9760,317 characters,Received Text
2023-02-11 17:34:44,(956) 584-7282,(996) 911-9760,182 characters,Sent Text
2023-02-11 21:52:01,(304) 766-7452,(996) 911-9760,98 characters,Received Text
2023-02-12 09:27:36,(304) 766-7452,(996) 911-9760,43 minutes,Inbound Call
2023-02-12 21:01:25,(304) 766-7452,(996) 911-9760,78 characters,Received Text
2023-02-14 12:34:18,(304) 766-7452,(996) 911-9760,292 characters,Received Text
2023-02-14 14:13:06,(956) 584-7282,(996) 911-9760,111 characters,Received Text
2023-02-15 17:22:11,(956) 584-7282,(996) 911-9760,41 minutes,Outbound Call
2023-02-15 19:53:44,(304) 766-7452,(996) 911-9760,206 characters,Received Text
2023-02-16 16:09:34,(304) 766-7452,(996) 911-9760,22 characters,Received Text
2023-02-17 16:10:16,(956) 584-7282,(996) 911-9760,251 characters,Received Text
2023-02-17 19:53:36,(304) 766-7452,(996) 911-9760,215 characters,Received Text
2023-02-18 11:00:03,(304) 766-7452,(996) 911-9760,122 characters,Sent Text
2023-02-18 19:04:00,(304) 766-7452,(996) 911-9760,15.3 MB,Received Media
2023-02-18 19:11:13,(956) 584-7282,(996) 911-9760,72 minutes,Inbound Call
2023-02-19 13:44:51,(956) 584-7282,(996) 911-9760,2 minutes,Outbound Call
2023-02-19 17:07:35,(956) 584-7282,(996) 911-9760,68 minutes,Inbound Call
2023-02-20 10:30:23,(956) 584-7282,(996) 911-9760,100 characters,Received Text
2023-02-20 11:57:02,(956) 584-7282,(996) 911-9760,134 characters,Sent Text
2023-02-22 09:38:31,(956) 584-7282,(996) 911-9760,28 characters,Sent Text
2023-02-23 08:47:44,(304) 766-7452,(996) 911-9760,173 characters,Received Text
2023-02-23 12:58:17,(956) 584-7282,(996) 911-9760,83 characters,Sent Text
2023-02-24 09:18:58,(304) 766-7452,(996) 911-9760,1.4 MB,Sent Media
2023-02-24 09:20:47,(956) 584-7282,(996) 911-9760,109 characters,Sent Text
2023-02-25 09:07:01,(956) 584-7282,(996) 911-9760,34 characters,Sent Text
2023-02-26 18:57:43,(956) 584-7282,(996) 911-9760,91 characters,Received Text
2023-02-26 19:53:54,(956) 584-7282,(996) 911-9760,128 characters,Sent Text
2023-02-27 13:04:49,(304) 766-7452,(996) 911-9760,27 characters,Sent Text
2023-02-28 13:57:05,(304) 766-7452,(996) 911-9760,201 characters,Sent Text
2023-03-01 12:07:14,(304) 766-7452,(996) 911-9760,114 minutes,Inbound Call
2023-03-01 12:22:06,(956) 584-7282,(996) 911-9760,150 characters,Received Text
2023-03-01 19:21:54,(956) 584-7282,(996) 911-9760,35 minutes,Outbound Call
2023-03-02 14:01:51,(956) 584-7282,(996) 911-9760,15 minutes,Outbound Call
2023-03-02 18:27:39,(304) 766-7452,(996) 911-9760,235 characters,Sent Text
2023-03-03 11:29:28,(304) 766-7452,(996) 911-9760,112 characters,Sent Text
2023-03-03 17:59:45,(956) 584-7282,(996) 911-9760,20 characters,Sent Text
2023-03-04 18:21:59,(304) 766-7452,(996) 911-9760,302 characters,Sent Text
2023-03-04 18:33:30,(304) 766-7452,(996) 911-9760,62 minutes,Inbound Call
2023-03-04 20:09:11,(956) 584-7282,(996) 911-9760,47 minutes,Inbound Call
2023-03-04 21:55:21,(956) 584-7282,(996) 911-9760,112 characters,Sent Text
2023-03-05 09:40:58,(956) 584-7282,(996) 911-9760,5.4 MB,Sent Media
2023-03-06 15:52:20,(956) 584-7282,(996) 911-9760,17.8 MB,Received Media
2023-03-08 08:01:39,(304) 766-7452,(996) 911-9760,337 characters,Sent Text
2023-03-08 13:10:46,(304) 766-7452,(996) 911-9760,330 characters,Received Text
2023-03-09 08:27:56,(956) 584-7282,(996) 911-9760,17 characters,Received Text
2023-03-09 12:01:52,(956) 584-7282,(996) 911-9760,101 characters,Sent Text
2023-03-09 12:33:05,(304) 766-7452,(996) 911-9760,298 characters,Sent Text
2023-03-09 18:28:24,(304) 766-7452,(996) 911-9760,87 minutes,Inbound Call
2023-03-10 19:46:45,(956) 584-7282,(996) 911-9760,170 characters,Sent Text
2023-03-10 21:42:51,(956) 584-7282,(996) 911-9760,246 characters,Received Text
2023-03-11 13:11:43,(304) 766-7452,(996) 911-9760,58 minutes,Inbound Call
2023-03-12 08:07:52,(304) 766-7452,(996) 911-9760,342 characters,Sent Text
2023-03-12 15:04:52,(304) 766-7452,(996) 911-9760,118 minutes,Outbound Call
2023-03-13 14:00:27,(956) 584-7282,(996) 911-9760,198 characters,Received Text
2023-03-14 09:38:00,(956) 584-7282,(996) 911-9760,343 characters,Received Text
2023-03-14 11:54:48,(304) 766-7452,(996) 911-9760,46 characters,Sent Text
2023-03-15 09:26:13,(304) 766-7452,(996) 911-9760,53 characters,Received Text
2023-03-16 08:46:35,(304) 766-7452,(996) 911-9760,69 minutes,Outbound Call
2023-03-16 20:44:43,(956) 584-7282,(996) 911-9760,55 characters,Received Text
2023-03-17 11:06:40,(304) 766-7452,(996) 911-9760,320 characters,Received Text
2023-03-17 14:41:24,(956) 584-7282,(996) 911-9760,7.5 MB,Sent Media
2023-03-17 20:30:44,(304) 766-7452,(996) 911-9760,22 minutes,Outbound Call
2023-03-17 21:01:00,(304) 766-7452,(996) 911-9760,152 characters,Sent Text
2023-03-18 10:25:39,(956) 584-7282,(996) 911-9760,151 characters,Received Text
2023-03-18 12:30:10,(956) 584-7282,(996) 911-9760,109 characters,Sent Text
2023-03-19 21:58:57,(956) 584-7282,(996) 911-9760,88 characters,Sent Text
2023-03-20 17:59:25,(956) 584-7282,(996) 911-9760,13.9 MB,Received Media
2023-03-20 20:23:29,(956) 584-7282,(996) 911-9760,37 characters,Received Text
2023-03-21 08:25:32,(956) 584-7282,(996) 911-9760,11.6 MB,Received Media
2023-03-21 20:42:39,(304) 766-7452,(996) 911-9760,121 characters,Sent Text
2023-03-22 08:28:08,(304) 766-7452,(996) 911-9760,35 minutes,Outbound Call
2023-03-22 15:24:39,(304) 766-7452,(996) 911-9760,4 characters,Sent Text
2023-03-23 13:48:02,(304) 766-7452,(996) 911-9760,326 characters,Received Text
2023-03-24 08:37:21,(304) 766-7452,(996) 911-9760,94 minutes,Inbound Call
2023-03-24 09:23:46,(304) 766-7452,(996) 911-9760,83 characters,Sent Text
2023-03-24 12:41:56,(956) 584-7282,(996) 911-9760,40 minutes,Outbound Call
2023-03-24 15:29:19,(304) 766-7452,(996) 911-9760,5.6 MB,Received Media
2023-03-24 20:17:04,(956) 584-7282,(996) 911-9760,305 characters,Sent Text
2023-03-25 14:38:47,(956) 584-7282,(996) 911-9760,113 minutes,Inbound Call
2023-03-25 19:10:04,(956) 584-7282,(996) 911-9760,13 characters,Received Text
2023-03-26 08:24:23,(956) 584-7282,(996) 911-9760,151 characters,Sent Text
2023-03-26 14:39:53,(304) 766-7452,(996) 911-9760,267 characters,Sent Text
2023-03-26 16:44:28,(956) 584-7282,(996) 911-9760,116 minutes,Outbound Call
2023-03-26 19:33:41,(956) 584-7282,(996) 911-9760,67 characters,Received Text
2023-03-27 08:58:38,(304) 766-7452,(996) 911-9760,160 characters,Received Text
2023-03-27 14:18:05,(956) 584-7282,(996) 911-9760,323 characters,Sent Text
2023-03-27 21:26:05,(956) 584-7282,(996) 911-9760,13.8 MB,Received Media
2023-03-28 12:33:38,(304) 766-7452,(996) 911-9760,151 characters,Received Text
2023-03-28 15:17:43,(956) 584-7282,(996) 911-9760,11.8 MB,Received Media
2023-03-28 19:21:07,(956) 584-7282,(996) 911-9760,329 characters,Sent Text
2023-03-29 15:49:28,(956) 584-7282,(996) 911-9760,197 characters,Received Text
2023-03-29 17:14:05,(956) 584-7282,(996) 911-9760,46 minutes,Inbound Call
2023-03-29 21:21:33,(956) 584-7282,(996) 911-9760,17.2 MB,Sent Media
2023-03-30 13:02:25,(304) 766-7452,(996) 911-9760,116 characters,Sent Text
2023-03-30 14:05:23,(304) 766-7452,(996) 911-9760,112 characters,Received Text
2023-03-30 17:20:54,(304) 766-7452,(996) 911-9760,61 minutes,Inbound Call
2023-03-30 18:32:06,(956) 584-7282,(996) 911-9760,7 characters,Sent Text
2023-04-02 16:08:43,(956) 584-7282,(996) 911-9760,114 minutes,Inbound Call
2023-04-02 17:43:23,(304) 766-7452,(996) 911-9760,255 characters,Sent Text
2023-04-04 14:24:50,(956) 584-7282,(996) 911-9760,220 characters,Sent Text
2023-04-04 18:52:29,(304) 766-7452,(996) 911-9760,128 characters,Received Text
2023-04-04 20:25:44,(956) 584-7282,(996) 911-9760,120 minutes,Inbound Call
2023-04-05 09:47:29,(304) 766-7452,(996) 911-9760,17.8 MB,Sent Media
2023-04-05 15:10:12,(956) 584-7282,(996) 911-9760,247 characters,Received Text
2023-04-05 15:40:38,(956) 584-7282,(996) 911-9760,242 characters,Sent Text
2023-04-06 18:39:49,(956) 584-7282,(996) 911-9760,200 characters,Received Text
2023-04-07 11:17:11,(304) 766-7452,(996) 911-9760,42 minutes,Inbound Call
2023-04-07 11:25:33,(956) 584-7282,(996) 911-9760,258 characters,Received Text
2023-04-07 20:03:16,(956) 584-7282,(996) 911-9760,30 characters,Sent Text
2023-04-07 21:21:14,(956) 584-7282,(996) 911-9760,25 minutes,Outbound Call
2023-04-08 08:17:42,(304) 766-7452,(996) 911-9760,8.2 MB,Sent Media
2023-04-08 17:42:29,(956) 584-7282,(996) 911-9760,50 characters,Sent Text
2023-04-09 13:32:40,(304) 766-7452,(996) 911-9760,14.7 MB,Sent Media
2023-04-09 21:08:40,(956) 584-7282,(996) 911-9760,3.0 MB,Received Media
2023-04-10 11:49:18,(956) 584-7282,(996) 911-9760,61 minutes,Inbound Call
2023-04-10 20:34:26,(956) 584-7282,(996) 911-9760,21 characters,Sent Text
2023-04-11 08:19:18,(956) 584-7282,(996) 911-9760,305 characters,Received Text
2023-04-11 13:21:48,(956) 584-7282,(996) 911-9760,26 minutes,Inbound Call
2023-04-11 15:52:05,(304) 766-7452,(996) 911-9760,148 characters,Received Text
2023-04-13 11:09:55,(304) 766-7452,(996) 911-9760,279 characters,Received Text
2023-04-13 12:57:56,(956) 584-7282,(996) 911-9760,2.0 MB,Sent Media
2023-04-13 13:28:30,(956) 584-7282,(996) 911-9760,50 minutes,Outbound Call
2023-04-14 11:58:06,(956) 584-7282,(996) 911-9760,14.0 MB,Sent Media
2023-04-15 08:17:54,(304) 766-7452,(996) 911-9760,107 minutes,Outbound Call
2023-04-15 15:08:49,(304) 766-7452,(996) 911-9760,157 characters,Received Text
2023-04-15 19:52:00,(956) 584-7282,(996) 911-9760,255 characters,Sent Text
2023-04-15 20:39:44,(956) 584-7282,(996) 911-9760,16.1 MB,Sent Media
2023-04-16 15:29:24,(304) 766-7452,(996) 911-9760,259 characters,Received Text
2023-04-16 18:18:03,(304) 766-7452,(996) 911-9760,186 characters,Sent Text
2023-04-17 18:19:43,(956) 584-7282,(996) 911-9760,0.8 MB,Received Media
2023-04-18 08:52:25,(304) 766-7452,(996) 911-9760,226 characters,Sent Text
2023-04-18 12:11:15,(956) 584-7282,(996) 911-9760,268 characters,Sent Text
2023-04-18 18:15:27,(304) 766-7452,(996) 911-9760,174 characters,Received Text
2023-04-19 11:37:35,(956) 584-7282,(996) 911-9760,328 characters,Sent Text
2023-04-19 18:33:29,(304) 766-7452,(996) 911-9760,288 characters,Sent Text
2023-04-20 13:22:47,(304) 766-7452,(996) 911-9760,10 minutes,Outbound Call
2023-04-20 13:35:59,(956) 584-7282,(996) 911-9760,162 characters,Received Text
2023-04-20 14:58:17,(304) 766-7452,(996) 911-9760,89 minutes,Inbound Call
2023-04-20 21:00:42,(304) 766-7452,(996) 911-9760,341 characters,Received Text
2023-04-21 14:00:38,(304) 766-7452,(996) 911-9760,90 minutes,Inbound Call
2023-04-23 20:50:12,(956) 584-7282,(996) 911-9760,19.4 MB,Received Media
2023-04-24 13:23:17,(304) 766-7452,(996) 911-9760,12 characters,Received Text
2023-04-25 10:11:53,(304) 766-7452,(996) 911-9760,312 characters,Sent Text
2023-04-25 15:19:17,(956) 584-7282,(996) 911-9760,73 minutes,Inbound Call
2023-04-25 21:04:54,(956) 584-7282,(996) 911-9760,4 characters,Received Text
2023-04-28 08:25:27,(956) 584-7282,(996) 911-9760,272 characters,Received Text
2023-04-29 12:22:36,(956) 584-7282,(996) 911-9760,54 minutes,Outbound Call
2023-04-29 16:58:11,(956) 584-7282,(996) 911-9760,9.3 MB,Sent Media
2023-04-30 12:59:39,(956) 584-7282,(996) 911-9760,190 characters,Sent Text
2023-04-30 17:26:28,(304) 766-7452,(996) 911-9760,206 characters,Sent Text
2023-05-01 20:00:08,(304) 766-7452,(996) 911-9760,77 characters,Sent Text
2023-05-02 21:29:40,(304) 766-7452,(996) 911-9760,226 characters,Received Text
2023-05-02 21:50:51,(956) 584-7282,(996) 911-9760,5.4 MB,Received Media
2023-05-03 18:29:37,(956) 584-7282,(996) 911-9760,69 minutes,Outbound Call
2023-05-04 10:54:58,(304) 766-7452,(996) 911-9760,105 minutes,Outbound Call
2023-05-04 14:36:21,(304) 766-7452,(996) 911-9760,81 characters,Received Text
2023-05-04 17:39:29,(956) 584-7282,(996) 911-9760,214 characters,Received Text
2023-05-04 21:36:24,(304) 766-7452,(996) 911-9760,53 characters,Sent Text
2023-05-05 18:53:49,(304) 766-7452,(996) 911-9760,89 characters,Received Text
2023-05-06 10:45:40,(956) 584-7282,(996) 911-9760,138 characters,Received Text
2023-05-06 12:59:59,(304) 766-7452,(996) 911-9760,4 characters,Received Text
2023-05-06 16:42:29,(956) 584-7282,(996) 911-9760,113 characters,Sent Text
2023-05-07 14:23:52,(956) 584-7282,(996) 911-9760,12 minutes,Inbound Call
2023-05-07 14:27:09,(304) 766-7452,(996) 911-9760,80 minutes,Inbound Call
2023-05-08 11:46:49,(956) 584-7282,(996) 911-9760,16.3 MB,Received Media
2023-05-08 14:19:56,(304) 766-7452,(996) 911-9760,61 minutes,Inbound Call
2023-05-08 18:47:58,(956) 584-7282,(996) 911-9760,76 characters,Received Text
2023-05-09 15:28:28,(304) 766-7452,(996) 911-9760,288 characters,Sent Text
2023-05-09 16:03:08,(304) 766-7452,(996) 911-9760,204 characters,Received Text
2023-05-09 16:39:01,(956) 584-7282,(996) 911-9760,148 characters,Received Text
2023-05-10 15:49:38,(304) 766-7452,(996) 911-9760,32 minutes,Outbound Call
2023-05-10 18:48:32,(304) 766-7452,(996) 911-9760,122 characters,Received Text
2023-05-11 09:59:49,(304) 766-7452,(996) 911-9760,23 characters,Sent Text
2023-05-11 17:14:49,(956) 584-7282,(996) 911-9760,214 characters,Sent Text
2023-05-12 12:20:43,(304) 766-7452,(996) 911-9760,317 characters,Sent Text
2023-05-12 15:26:03,(956) 584-7282,(996) 911-9760,327 characters,Sent Text
2023-05-13 09:42:48,(956) 584-7282,(996) 911-9760,100 minutes,Outbound Call
2023-05-13 11:46:28,(956) 584-7282,(996) 911-9760,335 characters,Received Text
2023-05-13 12:00:45,(956) 584-7282,(996) 911-9760,40 minutes,Inbound Call
2023-05-13 18:35:16,(956) 584-7282,(996) 911-9760,81 characters,Sent Text
2023-05-14 14:12:07,(956) 584-7282,(996) 911-9760,285 characters,Received Text
2023-05-15 12:37:45,(304) 766-7452,(996) 911-9760,90 minutes,Inbound Call
2023-05-16 13:36:13,(956) 584-7282,(996) 911-9760,42 minutes,Inbound Call
2023-05-16 18:49:45,(956) 584-7282,(996) 911-9760,24 characters,Sent Text
2023-05-17 12:09:29,(956) 584-7282,(996) 911-9760,236 characters,Received Text
2023-05-17 13:38:12,(304) 766-7452,(996) 911-9760,150 characters,Received Text
2023-05-17 14:58:12,(304) 766-7452,(996) 911-9760,5.6 MB,Sent Media
2023-05-18 15:03:18,(956) 584-7282,(996) 911-9760,134 characters,Received Text
2023-05-19 10:15:34,(304) 766-7452,(996) 911-9760,58 minutes,Inbound Call
2023-05-19 13:24:04,(956) 584-7282,(996) 911-9760,111 minutes,Outbound Call
2023-05-20 20:12:54,(956) 584-7282,(996) 911-9760,303 characters,Sent Text
2023-05-21 18:20:53,(304) 766-7452,(996) 911-9760,85 characters,Sent Text
2023-05-22 11:47:26,(956) 584-7282,(996) 911-9760,175 characters,Received Text
2023-05-23 19:26:42,(956) 584-7282,(996) 911-9760,12.2 MB,Sent Media
2023-05-24 09:59:02,(956) 584-7282,(996) 911-9760,345 characters,Sent Text
2023-05-24 11:20:10,(304) 766-7452,(996) 911-9760,127 characters,Received Text
2023-05-24 16:00:47,(304) 766-7452,(996) 911-9760,109 minutes,Inbound Call
2023-05-24 16:47:05,(956) 584-7282,(996) 911-9760,57 minutes,Inbound Call
2023-05-25 10:32:53,(956) 584-7282,(996) 911-9760,265 characters,Received Text
2023-05-25 11:10:00,(304) 766-7452,(996) 911-9760,262 characters,Sent Text
2023-05-25 13:03:22,(304) 766-7452,(996) 911-9760,260 characters,Received Text
2023-05-25 20:07:50,(304) 766-7452,(996) 911-9760,35 minutes,Inbound Call
2023-05-26 16:14:01,(956) 584-7282,(996) 911-9760,145 characters,Sent Text
2023-05-26 20:44:26,(304) 766-7452,(996) 911-9760,206 characters,Sent Text
2023-05-27 12:49:24,(956) 584-7282,(996) 911-9760,165 characters,Received Text
2023-05-28 10:41:11,(956) 584-7282,(996) 911-9760,84 minutes,Outbound Call
2023-05-28 15:19:41,(304) 766-7452,(996) 911-9760,289 characters,Received Text
2023-05-28 19:06:43,(304) 766-7452,(996) 911-9760,316 characters,Sent Text
2023-05-29 09:19:07,(956) 584-7282,(996) 911-9760,10.0 MB,Received Media
2023-05-29 13:29:01,(304) 766-7452,(996) 911-9760,48 characters,Sent Text
2023-05-29 16:09:16,(956) 584-7282,(996) 911-9760,264 characters,Sent Text
2023-05-30 19:19:43,(956) 584-7282,(996) 911-9760,65 characters,Received Text
2023-05-31 20:00:26,(956) 584-7282,(996) 911-9760,326 characters,Sent Text
2023-06-01 14:32:47,(304) 766-7452,(996) 911-9760,313 characters,Sent Text
2023-06-01 19:14:11,(956) 584-7282,(996) 911-9760,262 characters,Sent Text
2023-06-01 20:50:12,(304) 766-7452,(996) 911-9760,186 characters,Received Text
2023-06-02 09:04:10,(956) 584-7282,(996) 911-9760,169 characters,Sent Text
2023-06-02 10:17:33,(956) 584-7282,(996) 911-9760,75 minutes,Inbound Call
2023-06-02 11:12:32,(956) 584-7282,(996) 911-9760,327 characters,Received Text
2023-06-02 19:06:22,(956) 584-7282,(996) 911-9760,5.1 MB,Received Media
2023-06-03 16:24:18,(304) 766-7452,(996) 911-9760,59 characters,Sent Text
2023-06-03 18:15:46,(956) 584-7282,(996) 911-9760,118 minutes,Outbound Call
2023-06-03 19:10:59,(304) 766-7452,(996) 911-9760,9 characters,Received Text
2023-06-03 21:52:10,(956) 584-7282,(996) 911-9760,344 characters,Sent Text
2023-06-04 13:33:35,(304) 766-7452,(996) 911-9760,64 minutes,Outbound Call
2023-06-04 19:17:29,(956) 584-7282,(996) 911-9760,177 characters,Sent Text
2023-06-04 21:15:36,(304) 766-7452,(996) 911-9760,77 characters,Sent Text
2023-06-05 14:33:33,(956) 584-7282,(996) 911-9760,291 characters,Sent Text
2023-06-05 17:50:11,(956) 584-7282,(996) 911-9760,25 minutes,Inbound Call
2023-06-06 11:34:01,(956) 584-7282,(996) 911-9760,346 characters,Received Text
2023-06-06 14:28:30,(304) 766-7452,(996) 911-9760,1.8 MB,Received Media
2023-06-06 18:19:36,(304) 766-7452,(996) 911-9760,26 minutes,Outbound Call
2023-06-06 18:23:05,(304) 766-7452,(996) 911-9760,219 characters,Sent Text
2023-06-07 11:08:19,(304) 766-7452,(996) 911-9760,19.0 MB,Received Media
2023-06-07 15:11:14,(304) 766-7452,(996) 911-9760,71 minutes,Outbound Call
2023-06-08 14:13:04,(956) 584-7282,(996) 911-9760,301 characters,Received Text
2023-06-08 16:47:52,(956) 584-7282,(996) 911-9760,126 characters,Sent Text
2023-06-09 10:47:31,(956) 584-7282,(996) 911-9760,172 characters,Sent Text
2023-06-09 19:36:02,(956) 584-7282,(996) 911-9760,41 characters,Received Text
2023-06-10 19:34:39,(956) 584-7282,(996) 911-9760,65 characters,Sent Text
2023-06-11 10:32:34,(956) 584-7282,(996) 911-9760,64 minutes,Outbound Call
2023-06-11 18:40:41,(304) 766-7452,(996) 911-9760,18 characters,Received Text
2023-06-12 10:36:44,(956) 584-7282,(996) 911-9760,339 characters,Received Text
2023-06-12 14:05:07,(956) 584-7282,(996) 911-9760,11 minutes,Outbound Call
2023-06-12 17:11:04,(304) 766-7452,(996) 911-9760,146 characters,Sent Text
2023-06-12 19:25:33,(956) 584-7282,(996) 911-9760,73 minutes,Inbound Call
2023-06-13 10:15:42,(304) 766-7452,(996) 911-9760,89 minutes,Inbound Call
2023-06-13 18:29:22,(956) 584-7282,(996) 911-9760,7.3 MB,Sent Media
2023-06-14 14:04:17,(956) 584-7282,(996) 911-9760,250 characters,Sent Text
2023-06-15 16:43:01,(304) 766-7452,(996) 911-9760,0.9 MB,Sent Media
2023-06-15 17:00:23,(956) 584-7282,(996) 911-9760,89 characters,Received Text
2023-06-15 17:03:24,(304) 766-7452,(996) 911-9760,56 minutes,Outbound Call
2023-06-15 21:30:03,(956) 584-7282,(996) 911-9760,93 characters,Sent Text
2023-06-17 12:42:08,(956) 584-7282,(996) 911-9760,78 minutes,Inbound Call
2023-06-17 18:04:38,(956) 584-7282,(996) 911-9760,99 characters,Sent Text
2023-06-17 21:12:35,(956) 584-7282,(996) 911-9760,222 characters,Received Text
2023-06-18 09:51:54,(956) 584-7282,(996) 911-9760,131 characters,Sent Text
2023-06-18 12:12:11,(304) 766-7452,(996) 911-9760,313 characters,Sent Text
2023-06-18 13:03:55,(304) 766-7452,(996) 911-9760,74 minutes,Inbound Call
2023-06-19 17:03:32,(304) 766-7452,(996) 911-9760,116 minutes,Inbound Call
2023-06-19 20:17:14,(956) 584-7282,(996) 911-9760,273 characters,Received Text
2023-06-20 10:34:28,(304) 766-7452,(996) 911-9760,14.2 MB,Received Media
2023-06-20 12:48:16,(304) 766-7452,(996) 911-9760,337 characters,Sent Text
2023-06-21 16:43:51,(956) 584-7282,(996) 911-9760,1.3 MB,Sent Media
2023-06-22 09:36:40,(304) 766-7452,(996) 911-9760,81 characters,Sent Text
2023-06-22 12:30:59,(956) 584-7282,(996) 911-9760,48 characters,Sent Text
2023-06-22 17:33:24,(956) 584-7282,(996) 911-9760,187 characters,Received Text
2023-06-23 11:31:10,(304) 766-7452,(996) 911-9760,99 characters,Sent Text
2023-06-23 13:52:46,(304) 766-7452,(996) 911-9760,114 minutes,Inbound Call
2023-06-23 17:49:16,(304) 766-7452,(996) 911-9760,128 characters,Received Text
2023-06-24 08:21:22,(956) 584-7282,(996) 911-9760,211 characters,Received Text
2023-06-24 12:57:15,(304) 766-7452,(996) 911-9760,32 characters,Sent Text
2023-06-24 14:42:06,(956) 584-7282,(996) 911-9760,0.9 MB,Sent Media
2023-06-24 17:27:30,(956) 584-7282,(996) 911-9760,64 minutes,Outbound Call
2023-06-24 19:42:45,(304) 766-7452,(996) 911-9760,121 characters,Received Text
2023-06-24 21:37:01,(304) 766-7452,(996) 911-9760,78 minutes,Inbound Call
2023-06-25 15:22:29,(956) 584-7282,(996) 911-9760,305 characters,Sent Text
2023-06-25 19:05:01,(304) 766-7452,(996) 911-9760,20 minutes,Inbound Call
2023-06-26 11:54:04,(304) 766-7452,(996) 911-9760,326 characters,Sent Text
2023-06-27 08:06:26,(304) 766-7452,(996) 911-9760,1 characters,Sent Text
2023-06-28 09:45:36,(304) 766-7452,(996) 911-9760,186 characters,Received Text
2023-06-28 11:30:37,(956) 584-7282,(996) 911-9760,308 characters,Received Text
2023-06-28 20:19:21,(956) 584-7282,(996) 911-9760,114 minutes,Inbound Call
2023-06-28 21:09:50,(304) 766-7452,(996) 911-9760,5.1 MB,Received Media
2023-06-28 21:41:39,(956) 584-7282,(996) 911-9760,34 characters,Sent Text
2023-06-29 10:30:56,(956) 584-7282,(996) 911-9760,151 characters,Received Text
2023-06-29 10:37:41,(304) 766-7452,(996) 911-9760,105 characters,Received Text
2023-07-01 21:05:43,(304) 766-7452,(996) 911-9760,161 characters,Sent Text
2023-07-01 21:45:27,(956) 584-7282,(996) 911-9760,114 minutes,Outbound Call
2023-07-02 15:57:35,(304) 766-7452,(996) 911-9760,34 minutes,Inbound Call
2023-07-02 21:47:05,(956) 584-7282,(996) 911-9760,84 characters,Received Text
2023-07-03 11:19:11,(304) 766-7452,(996) 911-9760,51 minutes,Outbound Call
2023-07-03 18:12:20,(304) 766-7452,(996) 911-9760,320 characters,Sent Text
2023-07-04 16:35:24,(956) 584-7282,(996) 911-9760,53 minutes,Inbound Call
2023-07-05 20:20:55,(304) 766-7452,(996) 911-9760,232 characters,Sent Text
2023-07-07 16:06:06,(956) 584-7282,(996) 911-9760,122 characters,Received Text
2023-07-07 18:19:59,(956) 584-7282,(996) 911-9760,218 characters,Sent Text
2023-07-07 20:50:51,(304) 766-7452,(996) 911-9760,110 characters,Received Text
2023-07-08 11:32:25,(956) 584-7282,(996) 911-9760,177 characters,Received Text
2023-07-08 12:22:44,(304) 766-7452,(996) 911-9760,256 characters,Received Text
2023-07-08 17:01:52,(304) 766-7452,(996) 911-9760,101 minutes,Inbound Call
2023-07-09 09:31:40,(304) 766-7452,(996) 911-9760,309 characters,Sent Text
2023-07-09 17:49:59,(304) 766-7452,(996) 911-9760,67 minutes,Outbound Call
2023-07-09 18:00:45,(956) 584-7282,(996) 911-9760,130 characters,Received Text
2023-07-09 19:05:17,(304) 766-7452,(996) 911-9760,100 minutes,Inbound Call
2023-07-09 19:57:53,(956) 584-7282,(996) 911-9760,115 minutes,Inbound Call
2023-07-10 12:26:55,(956) 584-7282,(996) 911-9760,89 minutes,Inbound Call
2023-07-10 16:31:45,(956) 584-7282,(996) 911-9760,258 characters,Received Text
2023-07-11 17:24:11,(304) 766-7452,(996) 911-9760,84 minutes,Inbound Call
2023-07-13 12:27:20,(304) 766-7452,(996) 911-9760,185 characters,Sent Text
2023-07-13 14:12:51,(956) 584-7282,(996) 911-9760,114 minutes,Outbound Call
2023-07-13 15:11:46,(956) 584-7282,(996) 911-9760,49 characters,Sent Text
2023-07-13 19:28:50,(956) 584-7282,(996) 911-9760,228 characters,Received Text
2023-07-14 13:19:44,(956) 584-7282,(996) 911-9760,21 minutes,Inbound Call
2023-07-14 14:51:06,(304) 766-7452,(996) 911-9760,180 characters,Sent Text
2023-07-14 17:57:37,(304) 766-7452,(996) 911-9760,20 minutes,Outbound Call
2023-07-14 18:53:25,(304) 766-7452,(996) 911-9760,326 characters,Received Text
2023-07-15 08:27:16,(956) 584-7282,(996) 911-9760,344 characters,Sent Text
2023-07-15 11:02:37,(304) 766-7452,(996) 911-9760,303 characters,Sent Text
2023-07-15 12:14:45,(956) 584-7282,(996) 911-9760,80 minutes,Outbound Call
2023-07-16 08:23:15,(304) 766-7452,(996) 911-9760,13.1 MB,Sent Media
2023-07-16 11:10:36,(304) 766-7452,(996) 911-9760,18.6 MB,Received Media
2023-07-16 20:54:52,(304) 766-7452,(996) 911-9760,58 characters,Received Text
2023-07-17 08:23:58,(956) 584-7282,(996) 911-9760,181 characters,Sent Text
2023-07-17 12:31:15,(304) 766-7452,(996) 911-9760,83 characters,Received Text
2023-07-17 12:52:46,(304) 766-7452,(996) 911-9760,16 characters,Sent Text
2023-07-17 13:23:55,(956) 584-7282,(996) 911-9760,39 characters,Received Text
2023-07-17 17:07:20,(956) 584-7282,(996) 911-9760,118 minutes,Inbound Call
2023-07-18 10:02:00,(304) 766-7452,(996) 911-9760,74 characters,Sent Text
2023-07-18 14:21:53,(956) 584-7282,(996) 911-9760,7.8 MB,Received Media
2023-07-19 08:16:38,(304) 766-7452,(996) 911-9760,49 characters,Sent Text
2023-07-19 09:09:56,(304) 766-7452,(996) 911-9760,130 characters,Received Text
2023-07-19 17:01:58,(956) 584-7282,(996) 911-9760,50 minutes,Outbound Call
2023-07-19 18:14:59,(304) 766-7452,(996) 911-9760,33 minutes,Outbound Call
2023-07-20 13:18:53,(304) 766-7452,(996) 911-9760,18 characters,Sent Text
2023-07-20 15:28:22,(956) 584-7282,(996) 911-9760,67 characters,Sent Text
2023-07-21 17:38:35,(956) 584-7282,(996) 911-9760,146 characters,Sent Text
2023-07-21 18:51:27,(956) 584-7282,(996) 911-9760,103 minutes,Outbound Call
2023-07-22 08:14:46,(956) 584-7282,(996) 911-9760,111 characters,Sent Text
2023-07-22 18:24:04,(304) 766-7452,(996) 911-9760,244 characters,Sent Text
2023-07-23 16:26:48,(304) 766-7452,(996) 911-9760,19 minutes,Outbound Call
2023-07-24 17:47:02,(304) 766-7452,(996) 911-9760,233 characters,Sent Text
2023-07-24 21:55:56,(304) 766-7452,(996) 911-9760,1 minutes,Inbound Call
2023-07-25 11:40:21,(956) 584-7282,(996) 911-9760,95 minutes,Outbound Call
2023-07-25 14:50:54,(956) 584-7282,(996) 911-9760,232 characters,Received Text
2023-07-25 18:20:23,(956) 584-7282,(996) 911-9760,9 characters,Sent Text
2023-07-26 14:22:48,(956) 584-7282,(996) 911-9760,4.5 MB,Received Media
2023-07-26 19:31:54,(956) 584-7282,(996) 911-9760,195 characters,Received Text
2023-07-28 09:23:01,(956) 584-7282,(996) 911-9760,80 characters,Sent Text
2023-07-28 21:02:03,(956) 584-7282,(996) 911-9760,337 characters,Received Text
2023-07-29 14:10:37,(304) 766-7452,(996) 911-9760,333 characters,Received Text
2023-07-29 18:37:53,(956) 584-7282,(996) 911-9760,78 characters,Received Text
2023-07-30 08:59:33,(956) 584-7282,(996) 911-9760,133 characters,Received Text
2023-07-30 19:21:37,(304) 766-7452,(996) 911-9760,251 characters,Received Text
2023-07-31 12:08:23,(956) 584-7282,(996) 911-9760,110 minutes,Outbound Call
2023-07-31 15:39:14,(304) 766-7452,(996) 911-9760,53 minutes,Inbound Call
2023-08-01 10:06:18,(304) 766-7452,(996) 911-9760,17.9 MB,Received Media
2023-08-01 12:56:22,(956) 584-7282,(996) 911-9760,210 characters,Sent Text
2023-08-01 19:40:51,(956) 584-7282,(996) 911-9760,111 minutes,Outbound Call
2023-08-02 13:44:06,(304) 766-7452,(996) 911-9760,164 characters,Sent Text
2023-08-03 11:55:35,(956) 584-7282,(996) 911-9760,2.7 MB,Received Media
2023-08-03 13:05:12,(304) 766-7452,(996) 911-9760,10.0 MB,Sent Media
2023-08-03 13:52:53,(956) 584-7282,(996) 911-9760,1 minutes,Outbound Call
2023-08-04 08:58:32,(304) 766-7452,(996) 911-9760,202 characters,Sent Text
2023-08-04 09:02:55,(304) 766-7452,(996) 911-9760,3.3 MB,Sent Media
2023-08-05 09:01:49,(304) 766-7452,(996) 911-9760,264 characters,Sent Text
2023-08-05 12:01:36,(956) 584-7282,(996) 911-9760,5.1 MB,Received Media
2023-08-05 16:00:50,(956) 584-7282,(996) 911-9760,223 characters,Sent Text
2023-08-07 12:51:08,(304) 766-7452,(996) 911-9760,27 characters,Received Text
2023-08-07 14:23:21,(956) 584-7282,(996) 911-9760,142 characters,Received Text
2023-08-08 10:35:49,(304) 766-7452,(996) 911-9760,43 characters,Sent Text
2023-08-08 12:42:28,(956) 584-7282,(996) 911-9760,24 minutes,Inbound Call
2023-08-09 11:23:19,(956) 584-7282,(996) 911-9760,296 characters,Sent Text
2023-08-09 13:27:03,(304) 766-7452,(996) 911-9760,11.0 MB,Sent Media
2023-08-09 15:10:41,(956) 584-7282,(996) 911-9760,59 minutes,Inbound Call
2023-08-10 15:19:37,(956) 584-7282,(996) 911-9760,171 characters,Sent Text
2023-08-10 19:46:48,(304) 766-7452,(996) 911-9760,5.2 MB,Sent Media
2023-08-11 13:38:24,(304) 766-7452,(996) 911-9760,113 minutes,Outbound Call
2023-08-11 15:30:09,(956) 584-7282,(996) 911-9760,233 characters,Sent Text
2023-08-11 15:55:08,(304) 766-7452,(996) 911-9760,322 characters,Sent Text
2023-08-12 10:43:47,(304) 766-7452,(996) 911-9760,135 characters,Received Text
2023-08-12 11:41:37,(956) 584-7282,(996) 911-9760,110 minutes,Inbound Call
2023-08-12 14:16:32,(304) 766-7452,(996) 911-9760,32 characters,Sent Text
2023-08-13 13:59:35,(304) 766-7452,(996) 911-9760,114 characters,Received Text
2023-08-13 19:08:43,(956) 584-7282,(996) 911-9760,350 characters,Received Text
2023-08-13 20:33:13,(304) 766-7452,(996) 911-9760,87 characters,Sent Text
2023-08-14 10:55:40,(304) 766-7452,(996) 911-9760,18.5 MB,Received Media
2023-08-16 10:27:25,(304) 766-7452,(996) 911-9760,37 characters,Received Text
2023-08-16 14:17:44,(304) 766-7452,(996) 911-9760,219 characters,Sent Text
2023-08-16 17:15:47,(956) 584-7282,(996) 911-9760,65 characters,Sent Text
2023-08-17 12:16:37,(304) 766-7452,(996) 911-9760,7.1 MB,Sent Media
2023-08-17 13:43:26,(304) 766-7452,(996) 911-9760,31 characters,Received Text
2023-08-17 17:45:46,(304) 766-7452,(996) 911-9760,106 characters,Sent Text
2023-08-17 19:16:52,(956) 584-7282,(996) 911-9760,246 characters,Received Text
2023-08-18 10:58:26,(956) 584-7282,(996) 911-9760,107 minutes,Outbound Call
2023-08-18 13:59:04,(304) 766-7452,(996) 911-9760,10.6 MB,Received Media
2023-08-18 20:05:07,(956) 584-7282,(996) 911-9760,163 characters,Sent Text
2023-08-18 21:41:48,(956) 584-7282,(996) 911-9760,185 characters,Received Text
2023-08-19 19:43:04,(956) 584-7282,(996) 911-9760,245 characters,Received Text
2023-08-20 15:35:16,(956) 584-7282,(996) 911-9760,9.9 MB,Sent Media
2023-08-20 17:16:19,(956) 584-7282,(996) 911-9760,199 characters,Received Text
2023-08-21 11:32:29,(956) 584-7282,(996) 911-9760,39 characters,Received Text
2023-08-21 18:53:02,(956) 584-7282,(996) 911-9760,115 minutes,Inbound Call
2023-08-22 15:59:48,(304) 766-7452,(996) 911-9760,86 minutes,Outbound Call
2023-08-22 21:52:45,(304) 766-7452,(996) 911-9760,333 characters,Sent Text
2023-08-23 08:50:28,(304) 766-7452,(996) 911-9760,7.3 MB,Received Media
2023-08-23 14:53:56,(304) 766-7452,(996) 911-9760,142 characters,Received Text
2023-08-23 18:48:32,(956) 584-7282,(996) 911-9760,38 characters,Received Text
2023-08-24 15:04:27,(304) 766-7452,(996) 911-9760,99 minutes,Inbound Call
2023-08-24 15:30:27,(304) 766-7452,(996) 911-9760,29 minutes,Outbound Call
2023-08-24 16:34:32,(304) 766-7452,(996) 911-9760,248 characters,Sent Text
2023-08-24 20:17:43,(956) 584-7282,(996) 911-9760,65 minutes,Outbound Call
2023-08-26 11:41:38,(304) 766-7452,(996) 911-9760,105 characters,Received Text
2023-08-27 18:19:40,(304) 766-7452,(996) 911-9760,201 characters,Sent Text
2023-08-28 16:33:27,(304) 766-7452,(996) 911-9760,4 minutes,Outbound Call
2023-08-29 09:10:05,(304) 766-7452,(996) 911-9760,118 characters,Sent Text
2023-08-29 09:51:47,(956) 584-7282,(996) 911-9760,301 characters,Sent Text
2023-08-29 13:18:43,(304) 766-7452,(996) 911-9760,92 minutes,Outbound Call
2023-08-29 21:07:48,(956) 584-7282,(996) 911-9760,26 minutes,Inbound Call
2023-08-31 11:59:33,(956) 584-7282,(996) 911-9760,247 characters,Received Text
2023-08-31 13:53:56,(304) 766-7452,(996) 911-9760,149 characters,Sent Text
2023-08-31 19:10:36,(956) 584-7282,(996) 911-9760,13 minutes,Inbound Call
2023-08-31 19:12:13,(956) 584-7282,(996) 911-9760,66 minutes,Outbound Call
2023-09-03 11:12:56,(304) 766-7452,(996) 911-9760,12.6 MB,Sent Media
2023-09-03 12:42:22,(956) 584-7282,(996) 911-9760,331 characters,Received Text
2023-09-03 12:50:08,(956) 584-7282,(996) 911-9760,10 minutes,Inbound Call
2023-09-04 12:29:00,(304) 766-7452,(996) 911-9760,292 characters,Sent Text
2023-09-04 19:35:51,(304) 766-7452,(996) 911-9760,19.0 MB,Received Media
2023-09-05 11:53:47,(956) 584-7282,(996) 911-9760,350 characters,Sent Text
2023-09-05 19:12:59,(956) 584-7282,(996) 911-9760,166 characters,Received Text
2023-09-06 11:22:37,(956) 584-7282,(996) 911-9760,100 characters,Sent Text
2023-09-06 15:48:46,(304) 766-7452,(996) 911-9760,149 characters,Received Text
2023-09-06 21:13:48,(304) 766-7452,(996) 911-9760,64 minutes,Outbound Call
2023-09-06 21:56:43,(304) 766-7452,(996) 911-9760,11.9 MB,Received Media
2023-09-07 08:29:34,(956) 584-7282,(996) 911-9760,16.1 MB,Received Media
2023-09-08 09:34:17,(304) 766-7452,(996) 911-9760,12.6 MB,Sent Media
2023-09-08 13:43:03,(304) 766-7452,(996) 911-9760,280 characters,Received Text
2023-09-10 17:34:44,(304) 766-7452,(996) 911-9760,12.7 MB,Received Media
2023-09-10 20:50:25,(304) 766-7452,(996) 911-9760,26 minutes,Outbound Call
2023-09-11 18:55:52,(304) 766-7452,(996) 911-9760,215 characters,Received Text
2023-09-11 19:42:19,(956) 584-7282,(996) 911-9760,210 characters,Received Text
2023-09-12 13:38:05,(956) 584-7282,(996) 911-9760,93 characters,Received Text
2023-09-12 16:09:35,(304) 766-7452,(996) 911-9760,264 characters,Sent Text
2023-09-12 17:54:31,(956) 584-7282,(996) 911-9760,17 minutes,Inbound Call
2023-09-12 18:29:17,(304) 766-7452,(996) 911-9760,224 characters,Received Text
2023-09-14 17:39:55,(956) 584-7282,(996) 911-9760,244 characters,Sent Text
2023-09-15 12:25:25,(956) 584-7282,(996) 911-9760,80 characters,Received Text
2023-09-15 21:00:26,(956) 584-7282,(996) 911-9760,5.3 MB,Received Media
2023-09-16 17:07:05,(304) 766-7452,(996) 911-9760,23 characters,Received Text
2023-09-16 17:17:34,(304) 766-7452,(996) 911-9760,211 characters,Sent Text
2023-09-16 21:15:57,(304) 766-7452,(996) 911-9760,110 minutes,Inbound Call
2023-09-17 18:10:08,(956) 584-7282,(996) 911-9760,25 characters,Received Text
2023-09-18 10:05:20,(304) 766-7452,(996) 911-9760,72 characters,Received Text
2023-09-18 13:54:52,(956) 584-7282,(996) 911-9760,64 characters,Received Text
2023-09-18 21:59:38,(956) 584-7282,(996) 911-9760,16 minutes,Outbound Call
2023-09-19 09:36:42,(304) 766-7452,(996) 911-9760,122 characters,Sent Text
2023-09-19 19:08:16,(304) 766-7452,(996) 911-9760,39 minutes,Inbound Call
2023-09-20 17:58:42,(304) 766-7452,(996) 911-9760,11 characters,Sent Text
2023-09-21 10:21:30,(304) 766-7452,(996) 911-9760,23 characters,Sent Text
2023-09-22 16:50:53,(956) 584-7282,(996) 911-9760,226 characters,Received Text
2023-09-22 18:04:06,(304) 766-7452,(996) 911-9760,14 minutes,Outbound Call
2023-09-23 16:54:02,(304) 766-7452,(996) 911-9760,49 minutes,Inbound Call
2023-09-23 19:07:46,(304) 766-7452,(996) 911-9760,77 characters,Received Text
2023-09-23 21:02:19,(304) 766-7452,(996) 911-9760,33 minutes,Outbound Call
2023-09-24 12:55:17,(304) 766-7452,(996) 911-9760,61 minutes,Inbound Call
2023-09-25 10:35:40,(304) 766-7452,(996) 911-9760,252 characters,Sent Text
2023-09-25 14:15:02,(304) 766-7452,(996) 911-9760,3 minutes,Outbound Call
2023-09-25 14:48:37,(956) 584-7282,(996) 911-9760,7.7 MB,Received Media
2023-09-26 10:50:38,(956) 584-7282,(996) 911-9760,6.5 MB,Received Media
2023-09-27 14:30:57,(304) 766-7452,(996) 911-9760,303 characters,Received Text
2023-09-27 17:27:39,(956) 584-7282,(996) 911-9760,203 characters,Sent Text
2023-09-27 21:20:42,(956) 584-7282,(996) 911-9760,12.7 MB,Sent Media
2023-09-28 09:43:22,(304) 766-7452,(996) 911-9760,159 characters,Sent Text
2023-09-28 10:37:40,(956) 584-7282,(996) 911-9760,22 characters,Sent Text
2023-09-28 10:54:00,(304) 766-7452,(996) 911-9760,33 characters,Received Text
2023-09-28 17:47:21,(956) 584-7282,(996) 911-9760,258 characters,Received Text
2023-09-28 19:24:23,(956) 584-7282,(996) 911-9760,37 minutes,Inbound Call
2023-09-29 13:31:28,(956) 584-7282,(996) 911-9760,119 characters,Received Text
2023-10-01 17:07:43,(304) 766-7452,(996) 911-9760,48 minutes,Inbound Call
2023-10-01 19:59:30,(304) 766-7452,(996) 911-9760,189 characters,Sent Text
2023-10-01 21:56:32,(956) 584-7282,(996) 911-9760,1.8 MB,Received Media
2023-10-02 21:29:04,(304) 766-7452,(996) 911-9760,91 minutes,Inbound Call
2023-10-04 08:00:49,(304) 766-7452,(996) 911-9760,5 minutes,Inbound Call
2023-10-04 13:40:01,(956) 584-7282,(996) 911-9760,2.9 MB,Received Media
2023-10-04 17:06:13,(956) 584-7282,(996) 911-9760,308 characters,Sent Text
2023-10-04 19:46:12,(304) 766-7452,(996) 911-9760,119 characters,Received Text
2023-10-06 13:41:12,(956) 584-7282,(996) 911-9760,178 characters,Received Text
2023-10-07 13:46:29,(304) 766-7452,(996) 911-9760,83 minutes,Inbound Call
2023-10-07 14:09:45,(304) 766-7452,(996) 911-9760,5.3 MB,Sent Media
2023-10-07 15:34:55,(956) 584-7282,(996) 911-9760,115 characters,Received Text
2023-10-08 18:00:12,(956) 584-7282,(996) 911-9760,119 characters,Received Text
2023-10-08 21:08:49,(956) 584-7282,(996) 911-9760,16 minutes,Outbound Call
2023-10-08 21:36:42,(304) 766-7452,(996) 911-9760,240 characters,Received Text
2023-10-10 17:57:12,(956) 584-7282,(996) 911-9760,47 characters,Sent Text
2023-10-10 20:34:42,(956) 584-7282,(996) 911-9760,15.8 MB,Received Media
2023-10-11 11:55:54,(956) 584-7282,(996) 911-9760,340 characters,Sent Text
2023-10-11 21:13:25,(304) 766-7452,(996) 911-9760,276 characters,Sent Text
2023-10-12 15:20:09,(304) 766-7452,(996) 911-9760,316 characters,Received Text
2023-10-13 10:51:26,(956) 584-7282,(996) 911-9760,223 characters,Sent Text
2023-10-13 20:45:15,(956) 584-7282,(996) 911-9760,189 characters,Received Text
2023-10-14 11:20:51,(956) 584-7282,(996) 911-9760,29 minutes,Outbound Call
2023-10-14 13:03:54,(304) 766-7452,(996) 911-9760,123 characters,Received Text
2023-10-15 13:59:11,(304) 766-7452,(996) 911-9760,207 characters,Received Text
2023-10-15 14:45:38,(304) 766-7452,(996) 911-9760,19.0 MB,Sent Media
2023-10-15 20:52:16,(956) 584-7282,(996) 911-9760,135 characters,Received Text
2023-10-16 08:05:27,(304) 766-7452,(996) 911-9760,4.2 MB,Sent Media
2023-10-16 11:15:05,(304) 766-7452,(996) 911-9760,62 minutes,Inbound Call
2023-10-16 14:20:29,(304) 766-7452,(996) 911-9760,42 minutes,Outbound Call
2023-10-16 15:00:35,(304) 766-7452,(996) 911-9760,112 characters,Sent Text
2023-10-17 16:00:57,(956) 584-7282,(996) 911-9760,66 characters,Received Text
2023-10-17 16:43:25,(304) 766-7452,(996) 911-9760,85 characters,Sent Text
2023-10-19 08:26:54,(956) 584-7282,(996) 911-9760,168 characters,Received Text
2023-10-19 14:34:15,(304) 766-7452,(996) 911-9760,85 minutes,Inbound Call
2023-10-20 16:15:38,(304) 766-7452,(996) 911-9760,75 minutes,Inbound Call
2023-10-20 18:57:19,(956) 584-7282,(996) 911-9760,121 characters,Sent Text
2023-10-20 20:50:27,(304) 766-7452,(996) 911-9760,307 characters,Received Text
2023-10-21 19:20:51,(304) 766-7452,(996) 911-9760,90 minutes,Inbound Call
2023-10-22 09:57:27,(304) 766-7452,(996) 911-9760,325 characters,Sent Text
2023-10-22 13:06:06,(956) 584-7282,(996) 911-9760,248 characters,Received Text
2023-10-22 21:52:16,(956) 584-7282,(996) 911-9760,237 characters,Sent Text
2023-10-23 12:14:18,(956) 584-7282,(996) 911-9760,296 characters,Sent Text
2023-10-23 16:21:23,(304) 766-7452,(996) 911-9760,43 minutes,Outbound Call
2023-10-24 09:48:35,(304) 766-7452,(996) 911-9760,213 characters,Sent Text
2023-10-24 09:58:15,(956) 584-7282,(996) 911-9760,120 minutes,Inbound Call
2023-10-24 21:32:21,(956) 584-7282,(996) 911-9760,152 characters,Received Text
2023-10-26 16:41:04,(304) 766-7452,(996) 911-9760,88 minutes,Inbound Call
2023-10-27 11:48:01,(956) 584-7282,(996) 911-9760,54 minutes,Inbound Call
2023-10-27 16:41:14,(956) 584-7282,(996) 911-9760,68 characters,Received Text
2023-10-27 18:31:24,(304) 766-7452,(996) 911-9760,316 characters,Sent Text
2023-10-28 14:51:44,(956) 584-7282,(996) 911-9760,85 minutes,Outbound Call
2023-10-28 17:58:23,(304) 766-7452,(996) 911-9760,333 characters,Sent Text
2023-10-29 18:51:08,(304) 766-7452,(996) 911-9760,125 characters,Sent Text
2023-10-30 09:09:28,(304) 766-7452,(996) 911-9760,39 minutes,Outbound Call
2023-10-30 14:55:56,(956) 584-7282,(996) 911-9760,111 characters,Received Text
2023-10-30 19:45:08,(956) 584-7282,(996) 911-9760,32 characters,Sent Text
2023-10-30 20:26:35,(304) 766-7452,(996) 911-9760,210 characters,Sent Text
2023-10-30 20:50:34,(956) 584-7282,(996) 911-9760,89 minutes,Inbound Call
2023-10-31 17:11:23,(956) 584-7282,(996) 911-9760,49 characters,Received Text
2023-11-01 20:19:24,(956) 584-7282,(996) 911-9760,12.4 MB,Sent Media
2023-11-02 09:19:08,(956) 584-7282,(996) 911-9760,116 characters,Received Text
2023-11-02 10:41:52,(956) 584-7282,(996) 911-9760,289 characters,Sent Text
2023-11-02 18:27:09,(304) 766-7452,(996) 911-9760,68 minutes,Outbound Call
2023-11-03 15:13:45,(304) 766-7452,(996) 911-9760,34 characters,Sent Text
2023-11-03 16:06:01,(956) 584-7282,(996) 911-9760,272 characters,Sent Text
2023-11-03 18:38:35,(304) 766-7452,(996) 911-9760,22 minutes,Outbound Call
2023-11-04 13:22:10,(304) 766-7452,(996) 911-9760,146 characters,Received Text
2023-11-04 15:47:19,(304) 766-7452,(996) 911-9760,201 characters,Sent Text
2023-11-05 14:14:10,(304) 766-7452,(996) 911-9760,83 characters,Sent Text
2023-11-05 17:46:44,(956) 584-7282,(996) 911-9760,150 characters,Received Text
2023-11-06 10:03:11,(956) 584-7282,(996) 911-9760,5 characters,Received Text
2023-11-06 19:02:54,(304) 766-7452,(996) 911-9760,246 characters,Sent Text
2023-11-06 20:58:59,(304) 766-7452,(996) 911-9760,324 characters,Received Text
2023-11-07 09:32:32,(956) 584-7282,(996) 911-9760,19.3 MB,Received Media
2023-11-07 12:10:19,(956) 584-7282,(996) 911-9760,289 characters,Received Text
2023-11-07 19:09:05,(304) 766-7452,(996) 911-9760,39 minutes,Outbound Call
2023-11-07 21:09:02,(304) 766-7452,(996) 911-9760,236 characters,Sent Text
2023-11-08 10:06:42,(956) 584-7282,(996) 911-9760,143 characters,Received Text
2023-11-09 19:47:40,(956) 584-7282,(996) 911-9760,84 minutes,Outbound Call
2023-11-09 20:49:15,(956) 584-7282,(996) 911-9760,299 characters,Received Text
2023-11-11 15:05:58,(304) 766-7452,(996) 911-9760,294 characters,Received Text
2023-11-12 14:31:28,(304) 766-7452,(996) 911-9760,29 minutes,Inbound Call
2023-11-12 17:21:19,(956) 584-7282,(996) 911-9760,128 characters,Sent Text
2023-11-13 17:49:10,(304) 766-7452,(996) 911-9760,85 characters,Received Text
2023-11-14 11:54:57,(956) 584-7282,(996) 911-9760,44 minutes,Outbound Call
2023-11-14 20:29:09,(304) 766-7452,(996) 911-9760,4.9 MB,Sent Media
2023-11-15 10:44:29,(956) 584-7282,(996) 911-9760,30 characters,Sent Text
2023-11-15 13:14:34,(304) 766-7452,(996) 911-9760,67 minutes,Inbound Call
2023-11-15 15:05:04,(304) 766-7452,(996) 911-9760,66 characters,Received Text
2023-11-15 17:11:47,(956) 584-7282,(996) 911-9760,87 minutes,Inbound Call
2023-11-16 11:32:56,(304) 766-7452,(996) 911-9760,16.9 MB,Received Media
2023-11-16 16:16:50,(304) 766-7452,(996) 911-9760,282 characters,Sent Text
2023-11-16 19:34:02,(304) 766-7452,(996) 911-9760,14 minutes,Outbound Call
2023-11-16 20:20:14,(304) 766-7452,(996) 911-9760,326 characters,Received Text
2023-11-17 10:16:40,(956) 584-7282,(996) 911-9760,114 characters,Sent Text
2023-11-18 09:17:05,(956) 584-7282,(996) 911-9760,123 characters,Sent Text
2023-11-18 19:21:13,(956) 584-7282,(996) 911-9760,63 characters,Received Text
2023-11-19 10:36:22,(956) 584-7282,(996) 911-9760,223 characters,Sent Text
2023-11-19 10:51:41,(304) 766-7452,(996) 911-9760,16 characters,Sent Text
2023-11-19 16:04:02,(304) 766-7452,(996) 911-9760,13.0 MB,Sent Media
2023-11-20 15:27:08,(956) 584-7282,(996) 911-9760,27 minutes,Inbound Call
2023-11-20 16:14:02,(304) 766-7452,(996) 911-9760,16 minutes,Outbound Call
2023-11-20 16:30:01,(304) 766-7452,(996) 911-9760,316 characters,Received Text
2023-11-20 17:29:46,(956) 584-7282,(996) 911-9760,31 characters,Received Text
2023-11-21 15:23:41,(956) 584-7282,(996) 911-9760,7.0 MB,Sent Media
2023-11-21 19:29:56,(956) 584-7282,(996) 911-9760,63 minutes,Outbound Call
2023-11-22 08:40:51,(304) 766-7452,(996) 911-9760,247 characters,Sent Text
2023-11-22 19:38:55,(956) 584-7282,(996) 911-9760,20 minutes,Inbound Call
2023-11-23 12:30:29,(304) 766-7452,(996) 911-9760,296 characters,Sent Text
2023-11-24 08:22:22,(304) 766-7452,(996) 911-9760,114 minutes,Inbound Call
2023-11-25 09:32:55,(956) 584-7282,(996) 911-9760,137 characters,Received Text
2023-11-26 08:40:34,(304) 766-7452,(996) 911-9760,83 minutes,Inbound Call
2023-11-26 11:04:46,(956) 584-7282,(996) 911-9760,91 characters,Sent Text
2023-11-28 14:36:17,(956) 584-7282,(996) 911-9760,51 minutes,Outbound Call
2023-11-29 10:32:22,(304) 766-7452,(996) 911-9760,242 characters,Sent Text
2023-11-29 17:37:07,(304) 766-7452,(996) 911-9760,297 characters,Received Text
2023-11-30 10:56:07,(304) 766-7452,(996) 911-9760,325 characters,Received Text
2023-12-01 08:34:19,(304) 766-7452,(996) 911-9760,284 characters,Received Text
2023-12-01 20:21:52,(956) 584-7282,(996) 911-9760,165 characters,Received Text
2023-12-02 13:37:42,(956) 584-7282,(996) 911-9760,219 characters,Received Text
2023-12-02 15:27:34,(304) 766-7452,(996) 911-9760,175 characters,Sent Text
2023-12-02 16:30:11,(956) 584-7282,(996) 911-9760,117 minutes,Outbound Call
2023-12-02 19:30:54,(304) 766-7452,(996) 911-9760,114 characters,Received Text
2023-12-03 11:19:05,(304) 766-7452,(996) 911-9760,234 characters,Sent Text
2023-12-06 11:01:44,(956) 584-7282,(996) 911-9760,176 characters,Sent Text
2023-12-07 16:52:05,(956) 584-7282,(996) 911-9760,313 characters,Received Text
2023-12-07 19:50:30,(956) 584-7282,(996) 911-9760,70 minutes,Outbound Call
2023-12-08 09:01:59,(956) 584-7282,(996) 911-9760,10.2 MB,Sent Media
2023-12-08 13:42:59,(304) 766-7452,(996) 911-9760,59 minutes,Inbound Call
2023-12-08 15:38:50,(304) 766-7452,(996) 911-9760,12.5 MB,Received Media
2023-12-09 08:39:55,(304) 766-7452,(996) 911-9760,114 minutes,Inbound Call
2023-12-09 14:30:34,(956) 584-7282,(996) 911-9760,116 minutes,Outbound Call
2023-12-09 17:40:44,(304) 766-7452,(996) 911-9760,288 characters,Sent Text
2023-12-10 12:00:43,(304) 766-7452,(996) 911-9760,104 minutes,Inbound Call
2023-12-11 12:34:17,(304) 766-7452,(996) 911-9760,6.6 MB,Received Media
2023-12-11 13:35:34,(304) 766-7452,(996) 911-9760,9 minutes,Inbound Call
2023-12-11 16:12:34,(956) 584-7282,(996) 911-9760,174 characters,Sent Text
2023-12-12 11:35:36,(304) 766-7452,(996) 911-9760,2.2 MB,Sent Media
2023-12-12 20:52:37,(304) 766-7452,(996) 911-9760,235 characters,Sent Text
2023-12-13 13:01:00,(304) 766-7452,(996) 911-9760,12 characters,Received Text
2023-12-13 15:24:36,(956) 584-7282,(996) 911-9760,70 characters,Received Text
2023-12-14 11:28:09,(304) 766-7452,(996) 911-9760,71 minutes,Outbound Call
2023-12-15 08:06:50,(304) 766-7452,(996) 911-9760,17 minutes,Outbound Call
2023-12-15 13:16:09,(304) 766-7452,(996) 911-9760,295 characters,Sent Text
2023-12-15 17:23:12,(956) 584-7282,(996) 911-9760,24 characters,Received Text
2023-12-16 15:02:29,(304) 766-7452,(996) 911-9760,203 characters,Sent Text
2023-12-17 15:10:36,(304) 766-7452,(996) 911-9760,154 characters,Sent Text
2023-12-18 14:15:17,(304) 766-7452,(996) 911-9760,186 characters,Sent Text
2023-12-18 19:53:29,(304) 766-7452,(996) 911-9760,7 characters,Received Text
2023-12-18 21:58:54,(956) 584-7282,(996) 911-9760,29 minutes,Outbound Call
2023-12-19 13:57:11,(956) 584-7282,(996) 911-9760,67 minutes,Outbound Call
2023-12-19 14:05:50,(304) 766-7452,(996) 911-9760,18.5 MB,Sent Media
2023-12-20 19:22:33,(304) 766-7452,(996) 911-9760,119 characters,Received Text
2023-12-20 20:04:41,(956) 584-7282,(996) 911-9760,238 characters,Sent Text
2023-12-21 16:13:09,(956) 584-7282,(996) 911-9760,176 characters,Received Text
2023-12-22 14:22:07,(304) 766-7452,(996) 911-9760,281 characters,Sent Text
2023-12-23 11:16:07,(956) 584-7282,(996) 911-9760,290 characters,Received Text
2023-12-23 11:42:11,(956) 584-7282,(996) 911-9760,65 minutes,Inbound Call
2023-12-24 14:52:01,(956) 584-7282,(996) 911-9760,133 characters,Sent Text
2023-12-24 17:08:36,(304) 766-7452,(996) 911-9760,259 characters,Sent Text
2023-12-24 20:23:45,(956) 584-7282,(996) 911-9760,185 characters,Received Text
2023-12-24 21:32:19,(304) 766-7452,(996) 911-9760,5.2 MB,Sent Media
2023-12-25 13:46:46,(304) 766-7452,(996) 911-9760,52 characters,Received Text
2023-12-26 14:06:51,(956) 584-7282,(996) 911-9760,332 characters,Sent Text
2023-12-26 16:45:26,(304) 766-7452,(996) 911-9760,20 minutes,Inbound Call
2023-12-26 20:50:51,(956) 584-7282,(996) 911-9760,2.7 MB,Sent Media
2023-12-27 10:56:54,(304) 766-7452,(996) 911-9760,260 characters,Sent Text
2023-12-27 12:01:11,(956) 584-7282,(996) 911-9760,99 minutes,Outbound Call
2023-12-28 14:53:15,(956) 584-7282,(996) 911-9760,49 characters,Sent Text
2023-12-28 17:31:40,(956) 584-7282,(996) 911-9760,113 minutes,Inbound Call
2023-12-29 19:45:06,(956) 584-7282,(996) 911-9760,5 characters,Sent Text
2023-12-29 21:11:44,(956) 584-7282,(996) 911-9760,147 characters,Received Text
2023-12-30 16:10:30,(956) 584-7282,(996) 911-9760,337 characters,Received Text
2023-12-31 13:55:11,(304) 766-7452,(996) 911-9760,256 characters,Received Text
2023-12-31 15:18:59,(304) 766-7452,(996) 911-9760,319 characters,Sent Text
2023-12-31 16:32:52,(956) 584-7282,(996) 911-9760,4.8 MB,Received Media
2024-01-01 11:05:29,(304) 766-7452,(996) 911-9760,94 minutes,Inbound Call
2024-01-01 16:16:16,(304) 766-7452,(996) 911-9760,58 minutes,Outbound Call
2024-01-01 21:26:01,(956) 584-7282,(996) 911-9760,200 characters,Received Text
2024-01-02 17:07:25,(304) 766-7452,(996) 911-9760,162 characters,Received Text
2024-01-03 12:24:37,(304) 766-7452,(996) 911-9760,61 minutes,Inbound Call
2024-01-03 17:35:08,(956) 584-7282,(996) 911-9760,320 characters,Sent Text
2024-01-04 12:24:42,(956) 584-7282,(996) 911-9760,21 characters,Sent Text
2024-01-04 13:37:09,(956) 584-7282,(996) 911-9760,115 minutes,Outbound Call
2024-01-05 09:51:21,(956) 584-7282,(996) 911-9760,8.0 MB,Received Media
2024-01-05 18:08:28,(956) 584-7282,(996) 911-9760,44 minutes,Inbound Call
2024-01-06 15:59:49,(956) 584-7282,(996) 911-9760,5 minutes,Inbound Call
2024-01-06 20:09:27,(956) 584-7282,(996) 911-9760,317 characters,Received Text
2024-01-07 18:10:42,(304) 766-7452,(996) 911-9760,6.1 MB,Received Media
2024-01-08 11:46:32,(956) 584-7282,(996) 911-9760,230 characters,Received Text
2024-01-10 13:43:42,(956) 584-7282,(996) 911-9760,56 minutes,Inbound Call
2024-01-10 16:41:46,(956) 584-7282,(996) 911-9760,105 minutes,Outbound Call
2024-01-10 17:04:27,(304) 766-7452,(996) 911-9760,83 minutes,Inbound Call
2024-01-11 08:20:04,(956) 584-7282,(996) 911-9760,36 minutes,Outbound Call
2024-01-11 14:17:22,(956) 584-7282,(996) 911-9760,165 characters,Sent Text
2024-01-11 19:05:14,(956) 584-7282,(996) 911-9760,312 characters,Received Text
2024-01-11 20:08:26,(304) 766-7452,(996) 911-9760,265 characters,Sent Text
2024-01-12 08:01:48,(304) 766-7452,(996) 911-9760,6.7 MB,Received Media
2024-01-12 08:07:55,(304) 766-7452,(996) 911-9760,117 characters,Received Text
2024-01-12 16:03:56,(956) 584-7282,(996) 911-9760,86 minutes,Inbound Call
2024-01-13 16:31:35,(304) 766-7452,(996) 911-9760,69 minutes,Inbound Call
2024-01-13 17:49:55,(304) 766-7452,(996) 911-9760,3.3 MB,Received Media
2024-01-14 10:18:32,(956) 584-7282,(996) 911-9760,10.1 MB,Sent Media
2024-01-14 13:10:36,(304) 766-7452,(996) 911-9760,63 minutes,Outbound Call
2024-01-14 17:36:28,(304) 766-7452,(996) 911-9760,51 characters,Received Text
2024-01-14 20:26:08,(956) 584-7282,(996) 911-9760,43 minutes,Inbound Call
2024-01-15 08:35:22,(304) 766-7452,(996) 911-9760,3 minutes,Inbound Call
2024-01-15 12:56:27,(956) 584-7282,(996) 911-9760,252 characters,Sent Text
2024-01-16 12:24:37,(956) 584-7282,(996) 911-9760,124 characters,Sent Text
2024-01-17 11:12:15,(304) 766-7452,(996) 911-9760,5.4 MB,Received Media
2024-01-18 10:07:43,(304) 766-7452,(996) 911-9760,15 minutes,Outbound Call
2024-01-18 20:38:49,(304) 766-7452,(996) 911-9760,135 characters,Sent Text
2024-01-19 14:34:47,(956) 584-7282,(996) 911-9760,18 characters,Received Text
2024-01-19 18:47:40,(304) 766-7452,(996) 911-9760,308 characters,Sent Text
2024-01-20 08:13:47,(304) 766-7452,(996) 911-9760,180 characters,Sent Text
2024-01-21 15:25:28,(304) 766-7452,(996) 911-9760,233 characters,Sent Text
2024-01-22 11:30:04,(956) 584-7282,(996) 911-9760,16.6 MB,Sent Media
2024-01-22 13:17:00,(956) 584-7282,(996) 911-9760,201 characters,Received Text
2024-01-23 14:09:23,(956) 584-7282,(996) 911-9760,33 minutes,Inbound Call
2024-01-26 15:58:56,(304) 766-7452,(996) 911-9760,165 characters,Received Text
2024-01-26 17:30:15,(956) 584-7282,(996) 911-9760,194 characters,Received Text
2024-01-27 13:18:43,(956) 584-7282,(996) 911-9760,20 characters,Sent Text
2024-01-28 12:01:23,(304) 766-7452,(996) 911-9760,141 characters,Received Text
2024-01-28 12:25:46,(956) 584-7282,(996) 911-9760,18.7 MB,Sent Media
2024-01-28 15:06:28,(956) 584-7282,(996) 911-9760,120 minutes,Inbound Call
2024-01-29 20:17:55,(956) 584-7282,(996) 911-9760,90 characters,Received Text
2024-01-29 20:40:47,(304) 766-7452,(996) 911-9760,76 characters,Received Text
2024-01-29 21:11:49,(956) 584-7282,(996) 911-9760,282 characters,Sent Text
2024-01-30 08:42:24,(956) 584-7282,(996) 911-9760,11 characters,Sent Text
2024-01-31 08:59:09,(304) 766-7452,(996) 911-9760,36 minutes,Outbound Call
2024-01-31 10:50:21,(304) 766-7452,(996) 911-9760,38 minutes,Inbound Call
2024-02-03 09:05:58,(304) 766-7452,(996) 911-9760,95 minutes,Inbound Call
2024-02-03 10:27:16,(304) 766-7452,(996) 911-9760,11.4 MB,Received Media
2024-02-03 10:46:41,(304) 766-7452,(996) 911-9760,310 characters,Received Text
2024-02-04 21:08:33,(304) 766-7452,(996) 911-9760,8 characters,Received Text
2024-02-06 14:00:26,(956) 584-7282,(996) 911-9760,61 characters,Received Text
2024-02-07 10:32:08,(304) 766-7452,(996) 911-9760,278 characters,Sent Text
2024-02-07 11:21:00,(956) 584-7282,(996) 911-9760,168 characters,Received Text
2024-02-07 20:49:27,(956) 584-7282,(996) 911-9760,171 characters,Sent Text
2024-02-08 10:35:55,(304) 766-7452,(996) 911-9760,98 characters,Received Text
2024-02-08 10:45:25,(304) 766-7452,(996) 911-9760,113 minutes,Inbound Call
2024-02-09 13:42:45,(956) 584-7282,(996) 911-9760,212 characters,Sent Text
2024-02-09 14:20:36,(304) 766-7452,(996) 911-9760,1 characters,Received Text
2024-02-09 18:11:04,(956) 584-7282,(996) 911-9760,75 minutes,Outbound Call
2024-02-10 19:09:19,(956) 584-7282,(996) 911-9760,100 minutes,Inbound Call
2024-02-10 19:12:28,(956) 584-7282,(996) 911-9760,94 characters,Sent Text
2024-02-11 08:53:35,(304) 766-7452,(996) 911-9760,84 minutes,Outbound Call
2024-02-11 09:23:46,(304) 766-7452,(996) 911-9760,18.7 MB,Sent Media
2024-02-11 17:32:45,(956) 584-7282,(996) 911-9760,166 characters,Received Text
2024-02-12 12:19:22,(956) 584-7282,(996) 911-9760,148 characters,Received Text
2024-02-12 17:29:12,(956) 584-7282,(996) 911-9760,120 characters,Sent Text
2024-02-13 18:55:12,(304) 766-7452,(996) 911-9760,11.9 MB,Received Media
2024-02-13 21:18:08,(304) 766-7452,(996) 911-9760,78 characters,Received Text
2024-02-13 21:19:47,(304) 766-7452,(996) 911-9760,96 characters,Sent Text
2024-02-14 14:27:40,(956) 584-7282,(996) 911-9760,17 characters,Sent Text
2024-02-14 15:42:32,(304) 766-7452,(996) 911-9760,327 characters,Sent Text
2024-02-14 20:17:40,(304) 766-7452,(996) 911-9760,11 minutes,Inbound Call
2024-02-15 08:13:32,(304) 766-7452,(996) 911-9760,325 characters,Received Text
2024-02-15 21:17:51,(956) 584-7282,(996) 911-9760,4.8 MB,Sent Media
2024-02-16 11:59:41,(304) 766-7452,(996) 911-9760,13.9 MB,Received Media
2024-02-17 09:57:58,(956) 584-7282,(996) 911-9760,138 characters,Sent Text
2024-02-17 12:39:55,(956) 584-7282,(996) 911-9760,218 characters,Received Text
2024-02-17 18:45:58,(304) 766-7452,(996) 911-9760,58 characters,Received Text
2024-02-17 20:43:56,(956) 584-7282,(996) 911-9760,41 minutes,Inbound Call
2024-02-18 14:11:03,(956) 584-7282,(996) 911-9760,51 minutes,Inbound Call
2024-02-19 08:27:10,(956) 584-7282,(996) 911-9760,75 characters,Sent Text
2024-02-19 19:30:46,(304) 766-7452,(996) 911-9760,242 characters,Received Text
2024-02-20 13:35:27,(304) 766-7452,(996) 911-9760,35 characters,Sent Text
2024-02-20 16:18:10,(956) 584-7282,(996) 911-9760,48 minutes,Outbound Call
2024-02-20 20:02:24,(956) 584-7282,(996) 911-9760,49 characters,Sent Text
2024-02-21 12:29:28,(956) 584-7282,(996) 911-9760,82 minutes,Outbound Call
2024-02-21 15:47:27,(304) 766-7452,(996) 911-9760,108 minutes,Outbound Call
2024-02-22 11:06:16,(956) 584-7282,(996) 911-9760,85 minutes,Inbound Call
2024-02-22 17:24:15,(956) 584-7282,(996) 911-9760,71 characters,Received Text
2024-02-23 10:37:45,(304) 766-7452,(996) 911-9760,16 minutes,Outbound Call
2024-02-24 10:25:11,(956) 584-7282,(996) 911-9760,180 characters,Received Text
2024-02-24 10:53:56,(304) 766-7452,(996) 911-9760,259 characters,Received Text
2024-02-24 11:16:16,(956) 584-7282,(996) 911-9760,329 characters,Sent Text
2024-02-24 21:13:40,(304) 766-7452,(996) 911-9760,112 characters,Sent Text
2024-02-25 08:02:05,(956) 584-7282,(996) 911-9760,1 minutes,Outbound Call
2024-02-26 10:23:21,(304) 766-7452,(996) 911-9760,232 characters,Sent Text
2024-02-26 13:40:24,(956) 584-7282,(996) 911-9760,97 minutes,Inbound Call
2024-02-26 15:54:23,(956) 584-7282,(996) 911-9760,305 characters,Received Text
2024-02-26 20:10:29,(956) 584-7282,(996) 911-9760,168 characters,Sent Text
2024-02-26 21:48:46,(304) 766-7452,(996) 911-9760,10.5 MB,Sent Media
2024-02-27 09:26:22,(956) 584-7282,(996) 911-9760,70 minutes,Outbound Call
2024-02-27 12:30:05,(304) 766-7452,(996) 911-9760,188 characters,Sent Text
2024-02-28 14:49:57,(956) 584-7282,(996) 911-9760,202 characters,Received Text
2024-02-28 19:40:08,(304) 766-7452,(996) 911-9760,176 characters,Received Text
2024-02-29 11:51:46,(956) 584-7282,(996) 911-9760,308 characters,Sent Text
2024-03-01 08:52:05,(956) 584-7282,(996) 911-9760,153 characters,Received Text
2024-03-01 14:26:55,(304) 766-7452,(996) 911-9760,1 characters,Received Text
2024-03-03 19:48:14,(956) 584-7282,(996) 911-9760,118 characters,Received Text
2024-03-03 21:20:33,(304) 766-7452,(996) 911-9760,91 minutes,Outbound Call
2024-03-03 21:51:15,(304) 766-7452,(996) 911-9760,17.0 MB,Received Media
2024-03-04 09:55:33,(956) 584-7282,(996) 911-9760,14.2 MB,Received Media
2024-03-04 12:08:13,(304) 766-7452,(996) 911-9760,287 characters,Sent Text
2024-03-04 13:49:40,(304) 766-7452,(996) 911-9760,134 characters,Received Text
2024-03-05 10:36:16,(956) 584-7282,(996) 911-9760,106 characters,Sent Text
2024-03-05 18:47:42,(304) 766-7452,(996) 911-9760,131 characters,Sent Text
2024-03-07 09:05:23,(304) 766-7452,(996) 911-9760,52 minutes,Outbound Call
2024-03-07 15:15:20,(304) 766-7452,(996) 911-9760,64 minutes,Inbound Call
2024-03-07 15:37:41,(304) 766-7452,(996) 911-9760,3.2 MB,Received Media
2024-03-07 20:31:39,(304) 766-7452,(996) 911-9760,249 characters,Received Text
2024-03-08 08:24:23,(956) 584-7282,(996) 911-9760,19.4 MB,Sent Media
2024-03-08 14:54:19,(304) 766-7452,(996) 911-9760,349 characters,Received Text
2024-03-08 19:15:46,(304) 766-7452,(996) 911-9760,84 minutes,Inbound Call
2024-03-08 21:54:07,(304) 766-7452,(996) 911-9760,237 characters,Sent Text
2024-03-09 08:52:58,(304) 766-7452,(996) 911-9760,213 characters,Received Text
2024-03-09 16:35:34,(956) 584-7282,(996) 911-9760,8.7 MB,Received Media
2024-03-09 20:05:10,(304) 766-7452,(996) 911-9760,16.5 MB,Received Media
2024-03-09 20:36:23,(956) 584-7282,(996) 911-9760,32 minutes,Outbound Call
2024-03-10 09:45:48,(304) 766-7452,(996) 911-9760,182 characters,Received Text
2024-03-10 10:16:24,(956) 584-7282,(996) 911-9760,254 characters,Received Text
2024-03-10 12:27:16,(304) 766-7452,(996) 911-9760,13.1 MB,Received Media
2024-03-11 13:58:02,(956) 584-7282,(996) 911-9760,1 characters,Sent Text
2024-03-11 19:11:36,(956) 584-7282,(996) 911-9760,35 characters,Received Text
2024-03-12 16:12:20,(956) 584-7282,(996) 911-9760,109 minutes,Outbound Call
2024-03-12 17:18:34,(304) 766-7452,(996) 911-9760,8 characters,Received Text
2024-03-12 19:53:59,(304) 766-7452,(996) 911-9760,107 minutes,Outbound Call
2024-03-13 08:04:19,(956) 584-7282,(996) 911-9760,83 minutes,Outbound Call
2024-03-13 13:28:53,(956) 584-7282,(996) 911-9760,9.3 MB,Received Media
2024-03-13 13:42:49,(956) 584-7282,(996) 911-9760,344 characters,Sent Text
2024-03-13 17:01:48,(304) 766-7452,(996) 911-9760,145 characters,Received Text
2024-03-13 17:45:53,(304) 766-7452,(996) 911-9760,47 minutes,Inbound Call
2024-03-15 17:33:54,(304) 766-7452,(996) 911-9760,42 characters,Sent Text
2024-03-16 12:32:04,(956) 584-7282,(996) 911-9760,51 minutes,Inbound Call
2024-03-17 17:15:23,(956) 584-7282,(996) 911-9760,116 minutes,Inbound Call
2024-03-19 18:13:15,(956) 584-7282,(996) 911-9760,19.1 MB,Sent Media
2024-03-20 12:45:44,(956) 584-7282,(996) 911-9760,51 minutes,Inbound Call
2024-03-20 19:20:05,(956) 584-7282,(996) 911-9760,260 characters,Received Text
2024-03-22 09:22:45,(304) 766-7452,(996) 911-9760,14.6 MB,Received Media
2024-03-22 15:21:39,(956) 584-7282,(996) 911-9760,349 characters,Sent Text
2024-03-23 08:49:04,(304) 766-7452,(996) 911-9760,51 minutes,Inbound Call
2024-03-23 10:12:19,(304) 766-7452,(996) 911-9760,121 characters,Received Text
2024-03-23 11:49:28,(304) 766-7452,(996) 911-9760,313 characters,Sent Text
2024-03-23 16:01:51,(956) 584-7282,(996) 911-9760,246 characters,Sent Text
2024-03-24 10:44:06,(956) 584-7282,(996) 911-9760,40 minutes,Inbound Call
2024-03-24 11:57:30,(956) 584-7282,(996) 911-9760,156 characters,Received Text
2024-03-24 13:32:28,(304) 766-7452,(996) 911-9760,22 minutes,Outbound Call
2024-03-25 11:21:49,(304) 766-7452,(996) 911-9760,35 characters,Sent Text
2024-03-25 13:55:58,(956) 584-7282,(996) 911-9760,239 characters,Received Text
2024-03-25 21:51:38,(304) 766-7452,(996) 911-9760,296 characters,Received Text
2024-03-26 08:23:35,(304) 766-7452,(996) 911-9760,15 minutes,Inbound Call
2024-03-26 08:48:16,(304) 766-7452,(996) 911-9760,96 characters,Received Text
2024-03-26 14:35:10,(956) 584-7282,(996) 911-9760,6 characters,Sent Text
2024-03-27 13:44:04,(956) 584-7282,(996) 911-9760,52 minutes,Inbound Call
2024-03-27 17:29:31,(956) 584-7282,(996) 911-9760,37 characters,Received Text
2024-03-27 17:51:31,(304) 766-7452,(996) 911-9760,263 characters,Sent Text
2024-03-28 08:33:56,(304) 766-7452,(996) 911-9760,51 minutes,Inbound Call
2024-03-29 17:33:52,(304) 766-7452,(996) 911-9760,280 characters,Sent Text
2024-03-29 18:42:30,(304) 766-7452,(996) 911-9760,16 characters,Received Text
2024-03-30 14:16:37,(956) 584-7282,(996) 911-9760,118 characters,Received Text
2024-03-31 09:12:55,(304) 766-7452,(996) 911-9760,43 characters,Received Text
2024-03-31 20:45:25,(956) 584-7282,(996) 911-9760,16 minutes,Inbound Call
2024-04-01 16:06:19,(956) 584-7282,(996) 911-9760,94 characters,Sent Text
2024-04-01 16:12:19,(956) 584-7282,(996) 911-9760,21 minutes,Outbound Call
2024-04-01 17:17:41,(956) 584-7282,(996) 911-9760,108 minutes,Inbound Call
2024-04-01 17:25:30,(304) 766-7452,(996) 911-9760,252 characters,Received Text
2024-04-02 11:38:22,(304) 766-7452,(996) 911-9760,197 characters,Received Text
2024-04-02 16:00:08,(956) 584-7282,(996) 911-9760,107 characters,Sent Text
2024-04-02 18:14:42,(304) 766-7452,(996) 911-9760,119 minutes,Outbound Call
2024-04-03 09:22:31,(956) 584-7282,(996) 911-9760,2.0 MB,Received Media
2024-04-03 15:17:27,(304) 766-7452,(996) 911-9760,94 minutes,Outbound Call
2024-04-03 16:31:57,(956) 584-7282,(996) 911-9760,44 minutes,Outbound Call
2024-04-03 16:54:26,(304) 766-7452,(996) 911-9760,325 characters,Received Text
2024-04-03 20:08:09,(956) 584-7282,(996) 911-9760,30 characters,Received Text
2024-04-05 08:41:42,(956) 584-7282,(996) 911-9760,71 characters,Received Text
2024-04-06 15:54:57,(304) 766-7452,(996) 911-9760,15.4 MB,Sent Media
2024-04-06 16:52:43,(304) 766-7452,(996) 911-9760,101 minutes,Outbound Call
2024-04-07 08:57:53,(956) 584-7282,(996) 911-9760,340 characters,Received Text
2024-04-07 13:22:09,(956) 584-7282,(996) 911-9760,97 characters,Sent Text
2024-04-09 11:33:50,(956) 584-7282,(996) 911-9760,19 minutes,Inbound Call
2024-04-09 18:10:33,(956) 584-7282,(996) 911-9760,82 characters,Received Text
2024-04-09 18:37:35,(304) 766-7452,(996) 911-9760,16 minutes,Inbound Call
2024-04-10 17:33:53,(304) 766-7452,(996) 911-9760,5.1 MB,Received Media
2024-04-11 16:04:37,(304) 766-7452,(996) 911-9760,12 minutes,Inbound Call
2024-04-11 16:37:29,(956) 584-7282,(996) 911-9760,48 minutes,Outbound Call
2024-04-11 18:05:42,(956) 584-7282,(996) 911-9760,102 characters,Sent Text
2024-04-12 17:04:50,(956) 584-7282,(996) 911-9760,63 characters,Received Text
2024-04-12 21:33:11,(956) 584-7282,(996) 911-9760,204 characters,Sent Text
2024-04-13 14:43:23,(956) 584-7282,(996) 911-9760,128 characters,Received Text
2024-04-13 17:22:30,(956) 584-7282,(996) 911-9760,49 minutes,Outbound Call
2024-04-15 12:51:20,(304) 766-7452,(996) 911-9760,108 minutes,Inbound Call
2024-04-16 09:16:50,(304) 766-7452,(996) 911-9760,21 minutes,Outbound Call
2024-04-16 16:32:45,(956) 584-7282,(996) 911-9760,57 characters,Received Text
2024-04-17 09:01:18,(304) 766-7452,(996) 911-9760,68 minutes,Outbound Call
2024-04-17 18:27:04,(956) 584-7282,(996) 911-9760,2.0 MB,Sent Media
2024-04-17 20:53:22,(956) 584-7282,(996) 911-9760,171 characters,Received Text
2024-04-18 18:40:21,(956) 584-7282,(996) 911-9760,155 characters,Sent Text
2024-04-18 21:48:14,(956) 584-7282,(996) 911-9760,196 characters,Received Text
2024-04-19 15:41:35,(304) 766-7452,(996) 911-9760,25 minutes,Outbound Call
2024-04-19 20:18:05,(956) 584-7282,(996) 911-9760,70 minutes,Outbound Call
2024-04-19 20:51:16,(956) 584-7282,(996) 911-9760,93 characters,Sent Text
2024-04-20 13:23:44,(956) 584-7282,(996) 911-9760,14 minutes,Inbound Call
2024-04-20 13:49:57,(304) 766-7452,(996) 911-9760,53 characters,Received Text
2024-04-21 09:32:41,(956) 584-7282,(996) 911-9760,113 minutes,Outbound Call
2024-04-21 12:06:05,(956) 584-7282,(996) 911-9760,38 characters,Sent Text
2024-04-21 14:25:48,(956) 584-7282,(996) 911-9760,25 minutes,Inbound Call
2024-04-21 17:36:42,(956) 584-7282,(996) 911-9760,19 characters,Received Text
2024-04-21 19:08:18,(304) 766-7452,(996) 911-9760,5 characters,Sent Text
2024-04-22 14:54:05,(304) 766-7452,(996) 911-9760,111 characters,Received Text
2024-04-22 16:53:19,(956) 584-7282,(996) 911-9760,340 characters,Sent Text
2024-04-22 19:05:42,(304) 766-7452,(996) 911-9760,46 minutes,Inbound Call
2024-04-23 10:43:19,(304) 766-7452,(996) 911-9760,31 minutes,Inbound Call
2024-04-24 11:52:51,(956) 584-7282,(996) 911-9760,258 characters,Sent Text
2024-04-24 16:15:00,(956) 584-7282,(996) 911-9760,24 characters,Received Text
2024-04-25 18:22:30,(304) 766-7452,(996) 911-9760,83 minutes,Outbound Call
2024-04-25 18:40:23,(304) 766-7452,(996) 911-9760,24 minutes,Inbound Call
2024-04-25 19:44:10,(956) 584-7282,(996) 911-9760,156 characters,Received Text
2024-04-25 21:20:29,(956) 584-7282,(996) 911-9760,82 characters,Sent Text
2024-04-25 21:34:57,(304) 766-7452,(996) 911-9760,12.2 MB,Sent Media
2024-04-27 08:30:35,(304) 766-7452,(996) 911-9760,243 characters,Received Text
2024-04-27 20:43:10,(956) 584-7282,(996) 911-9760,32 minutes,Outbound Call
2024-04-28 08:54:24,(956) 584-7282,(996) 911-9760,130 characters,Sent Text
2024-04-28 16:24:32,(304) 766-7452,(996) 911-9760,170 characters,Sent Text
2024-04-28 19:49:32,(304) 766-7452,(996) 911-9760,120 minutes,Outbound Call
2024-04-29 11:04:11,(956) 584-7282,(996) 911-9760,313 characters,Received Text
2024-04-29 16:25:21,(304) 766-7452,(996) 911-9760,151 characters,Sent Text
2024-05-01 09:46:33,(956) 584-7282,(996) 911-9760,82 characters,Sent Text
2024-05-01 09:59:43,(956) 584-7282,(996) 911-9760,199 characters,Received Text
2024-05-01 17:29:15,(304) 766-7452,(996) 911-9760,305 characters,Sent Text
2024-05-01 18:32:58,(304) 766-7452,(996) 911-9760,174 characters,Received Text
2024-05-01 21:03:17,(304) 766-7452,(996) 911-9760,40 minutes,Outbound Call
2024-05-01 21:46:38,(956) 584-7282,(996) 911-9760,115 minutes,Outbound Call
2024-05-02 10:34:05,(956) 584-7282,(996) 911-9760,271 characters,Sent Text
2024-05-02 15:26:31,(304) 766-7452,(996) 911-9760,139 characters,Received Text
2024-05-02 16:25:52,(956) 584-7282,(996) 911-9760,20 minutes,Outbound Call
2024-05-03 15:57:25,(304) 766-7452,(996) 911-9760,52 minutes,Outbound Call
2024-05-03 20:12:25,(956) 584-7282,(996) 911-9760,324 characters,Sent Text
2024-05-04 20:38:23,(304) 766-7452,(996) 911-9760,295 characters,Sent Text
2024-05-05 11:05:18,(304) 766-7452,(996) 911-9760,91 minutes,Inbound Call
2024-05-05 15:55:39,(956) 584-7282,(996) 911-9760,1.1 MB,Received Media
2024-05-05 21:31:27,(956) 584-7282,(996) 911-9760,63 characters,Received Text
2024-05-06 09:48:26,(956) 584-7282,(996) 911-9760,144 characters,Sent Text
2024-05-08 09:17:08,(304) 766-7452,(996) 911-9760,37 minutes,Outbound Call
2024-05-09 10:02:46,(304) 766-7452,(996) 911-9760,47 characters,Received Text
2024-05-09 10:03:02,(304) 766-7452,(996) 911-9760,1.9 MB,Sent Media
2024-05-09 11:43:00,(956) 584-7282,(996) 911-9760,42 minutes,Outbound Call
2024-05-09 17:26:18,(956) 584-7282,(996) 911-9760,106 characters,Received Text
2024-05-11 09:53:50,(304) 766-7452,(996) 911-9760,33 minutes,Inbound Call
2024-05-11 14:28:06,(956) 584-7282,(996) 911-9760,60 minutes,Outbound Call
2024-05-11 14:29:08,(956) 584-7282,(996) 911-9760,135 characters,Sent Text
2024-05-11 15:04:46,(304) 766-7452,(996) 911-9760,98 characters,Received Text
2024-05-12 08:12:48,(304) 766-7452,(996) 911-9760,47 minutes,Inbound Call
2024-05-12 16:02:44,(956) 584-7282,(996) 911-9760,8.4 MB,Received Media
2024-05-12 20:23:20,(956) 584-7282,(996) 911-9760,171 characters,Sent Text
2024-05-13 12:07:35,(956) 584-7282,(996) 911-9760,62 characters,Received Text
2024-05-13 20:22:48,(304) 766-7452,(996) 911-9760,14.2 MB,Received Media
2024-05-14 16:58:19,(956) 584-7282,(996) 911-9760,208 characters,Sent Text
2024-05-15 18:56:52,(956) 584-7282,(996) 911-9760,27 minutes,Inbound Call
2024-05-15 20:38:30,(304) 766-7452,(996) 911-9760,329 characters,Sent Text
2024-05-15 21:27:24,(956) 584-7282,(996) 911-9760,221 characters,Received Text
2024-05-16 09:27:26,(304) 766-7452,(996) 911-9760,173 characters,Received Text
2024-05-16 11:22:37,(304) 766-7452,(996) 911-9760,2 characters,Sent Text
2024-05-17 15:52:09,(956) 584-7282,(996) 911-9760,51 minutes,Inbound Call
2024-05-17 18:30:01,(956) 584-7282,(996) 911-9760,153 characters,Received Text
2024-05-18 10:31:27,(956) 584-7282,(996) 911-9760,165 characters,Sent Text
2024-05-18 11:20:12,(956) 584-7282,(996) 911-9760,313 characters,Received Text
2024-05-19 08:01:34,(304) 766-7452,(996) 911-9760,89 minutes,Outbound Call
2024-05-19 18:58:39,(956) 584-7282,(996) 911-9760,128 characters,Received Text
2024-05-19 19:58:57,(304) 766-7452,(996) 911-9760,158 characters,Received Text
2024-05-20 11:21:39,(956) 584-7282,(996) 911-9760,75 characters,Sent Text
2024-05-20 18:03:39,(304) 766-7452,(996) 911-9760,53 characters,Received Text
2024-05-21 08:01:14,(956) 584-7282,(996) 911-9760,1.2 MB,Received Media
2024-05-21 14:40:48,(956) 584-7282,(996) 911-9760,150 characters,Received Text
2024-05-21 19:49:45,(304) 766-7452,(996) 911-9760,7 characters,Sent Text
2024-05-22 17:32:13,(956) 584-7282,(996) 911-9760,14 minutes,Inbound Call
2024-05-23 10:33:57,(304) 766-7452,(996) 911-9760,4 minutes,Inbound Call
2024-05-23 12:05:17,(304) 766-7452,(996) 911-9760,6.6 MB,Sent Media
2024-05-23 17:55:14,(304) 766-7452,(996) 911-9760,28 characters,Sent Text
2024-05-24 12:58:51,(956) 584-7282,(996) 911-9760,209 characters,Received Text
2024-05-24 13:58:45,(304) 766-7452,(996) 911-9760,99 characters,Sent Text
2024-05-24 18:02:47,(956) 584-7282,(996) 911-9760,237 characters,Sent Text
2024-05-25 20:19:17,(304) 766-7452,(996) 911-9760,291 characters,Received Text
2024-05-26 09:44:56,(304) 766-7452,(996) 911-9760,316 characters,Received Text
2024-05-26 13:19:33,(956) 584-7282,(996) 911-9760,24 minutes,Inbound Call
2024-05-26 18:24:56,(956) 584-7282,(996) 911-9760,236 characters,Sent Text
2024-05-26 21:37:40,(304) 766-7452,(996) 911-9760,41 characters,Sent Text
2024-05-27 15:44:00,(304) 766-7452,(996) 911-9760,175 characters,Sent Text
2024-05-28 13:58:28,(304) 766-7452,(996) 911-9760,127 characters,Sent Text
2024-05-28 17:36:45,(304) 766-7452,(996) 911-9760,12.9 MB,Received Media
2024-05-30 13:01:54,(956) 584-7282,(996) 911-9760,101 minutes,Inbound Call
2024-05-31 12:48:31,(304) 766-7452,(996) 911-9760,239 characters,Sent Text
2024-05-31 13:51:16,(304) 766-7452,(996) 911-9760,59 minutes,Outbound Call
2024-05-31 17:36:46,(956) 584-7282,(996) 911-9760,68 minutes,Inbound Call
2024-06-01 14:57:19,(956) 584-7282,(996) 911-9760,326 characters,Received Text
2024-06-01 19:43:14,(956) 584-7282,(996) 911-9760,35 minutes,Outbound Call
2024-06-02 14:15:03,(956) 584-7282,(996) 911-9760,40 minutes,Outbound Call
2024-06-02 19:22:56,(956) 584-7282,(996) 911-9760,125 characters,Received Text
2024-06-03 08:51:53,(956) 584-7282,(996) 911-9760,153 characters,Received Text
2024-06-03 11:31:58,(956) 584-7282,(996) 911-9760,20 minutes,Outbound Call
2024-06-04 08:08:24,(956) 584-7282,(996) 911-9760,89 minutes,Outbound Call
2024-06-04 11:34:19,(304) 766-7452,(996) 911-9760,281 characters,Received Text
2024-06-04 13:12:25,(956) 584-7282,(996) 911-9760,149 characters,Sent Text
2024-06-04 15:05:53,(956) 584-7282,(996) 911-9760,68 minutes,Inbound Call
2024-06-05 10:30:59,(956) 584-7282,(996) 911-9760,233 characters,Sent Text
2024-06-05 10:55:13,(304) 766-7452,(996) 911-9760,306 characters,Received Text
2024-06-06 08:23:43,(304) 766-7452,(996) 911-9760,63 minutes,Outbound Call
2024-06-06 16:01:39,(956) 584-7282,(996) 911-9760,227 characters,Received Text
2024-06-07 19:30:42,(956) 584-7282,(996) 911-9760,55 minutes,Outbound Call
2024-06-08 10:03:59,(304) 766-7452,(996) 911-9760,77 minutes,Inbound Call
2024-06-08 13:46:53,(304) 766-7452,(996) 911-9760,47 characters,Sent Text
2024-06-08 19:49:57,(956) 584-7282,(996) 911-9760,75 characters,Sent Text
2024-06-09 12:40:11,(956) 584-7282,(996) 911-9760,9.5 MB,Received Media
2024-06-09 13:18:34,(304) 766-7452,(996) 911-9760,19 characters,Sent Text
2024-06-09 16:05:20,(956) 584-7282,(996) 911-9760,8 characters,Received Text
2024-06-09 21:13:05,(304) 766-7452,(996) 911-9760,5.7 MB,Received Media
2024-06-10 10:34:42,(956) 584-7282,(996) 911-9760,7 minutes,Outbound Call
2024-06-10 13:26:36,(304) 766-7452,(996) 911-9760,319 characters,Received Text
2024-06-11 10:59:37,(956) 584-7282,(996) 911-9760,270 characters,Sent Text
2024-06-11 13:00:37,(956) 584-7282,(996) 911-9760,112 minutes,Inbound Call
2024-06-11 16:47:06,(304) 766-7452,(996) 911-9760,292 characters,Received Text
2024-06-11 17:50:48,(304) 766-7452,(996) 911-9760,96 minutes,Inbound Call
2024-06-11 19:03:54,(956) 584-7282,(996) 911-9760,13 minutes,Outbound Call
2024-06-12 09:21:32,(304) 766-7452,(996) 911-9760,20 minutes,Inbound Call
2024-06-12 11:04:04,(304) 766-7452,(996) 911-9760,18.4 MB,Sent Media
2024-06-13 12:44:52,(304) 766-7452,(996) 911-9760,117 minutes,Outbound Call
2024-06-13 17:14:43,(304) 766-7452,(996) 911-9760,260 characters,Received Text
2024-06-14 13:45:35,(304) 766-7452,(996) 911-9760,12.1 MB,Received Media
2024-06-14 16:37:06,(956) 584-7282,(996) 911-9760,3 characters,Received Text
2024-06-14 18:48:10,(304) 766-7452,(996) 911-9760,309 characters,Received Text
2024-06-15 12:05:38,(304) 766-7452,(996) 911-9760,39 characters,Received Text
2024-06-15 12:52:45,(956) 584-7282,(996) 911-9760,76 minutes,Outbound Call
2024-06-15 13:16:00,(304) 766-7452,(996) 911-9760,5 characters,Sent Text
2024-06-16 11:10:14,(956) 584-7282,(996) 911-9760,326 characters,Sent Text
2024-06-16 21:18:06,(304) 766-7452,(996) 911-9760,86 characters,Received Text
2024-06-17 19:27:11,(956) 584-7282,(996) 911-9760,58 minutes,Outbound Call
2024-06-18 10:31:18,(304) 766-7452,(996) 911-9760,215 characters,Sent Text
2024-06-18 12:08:31,(956) 584-7282,(996) 911-9760,260 characters,Received Text
2024-06-19 15:28:17,(304) 766-7452,(996) 911-9760,289 characters,Received Text
2024-06-20 17:54:42,(304) 766-7452,(996) 911-9760,199 characters,Sent Text
2024-06-20 18:41:45,(956) 584-7282,(996) 911-9760,233 characters,Sent Text
2024-06-21 09:58:12,(304) 766-7452,(996) 911-9760,14.5 MB,Received Media
2024-06-21 12:43:27,(956) 584-7282,(996) 911-9760,100 minutes,Outbound Call
2024-06-21 16:08:52,(304) 766-7452,(996) 911-9760,17 minutes,Outbound Call
2024-06-22 10:02:26,(304) 766-7452,(996) 911-9760,60 minutes,Outbound Call
2024-06-22 10:37:35,(304) 766-7452,(996) 911-9760,49 characters,Sent Text
2024-06-23 15:14:55,(304) 766-7452,(996) 911-9760,24 minutes,Outbound Call
2024-06-23 16:52:25,(304) 766-7452,(996) 911-9760,258 characters,Received Text
2024-06-23 18:29:32,(304) 766-7452,(996) 911-9760,17.8 MB,Received Media
2024-06-24 21:47:15,(956) 584-7282,(996) 911-9760,59 minutes,Outbound Call
2024-06-25 18:42:31,(304) 766-7452,(996) 911-9760,8.5 MB,Sent Media
2024-06-25 18:53:50,(956) 584-7282,(996) 911-9760,188 characters,Sent Text
2024-06-26 20:21:23,(956) 584-7282,(996) 911-9760,152 characters,Received Text
2024-06-27 17:36:11,(956) 584-7282,(996) 911-9760,87 characters,Sent Text
2024-06-27 18:34:40,(956) 584-7282,(996) 911-9760,56 minutes,Outbound Call
2024-06-28 11:56:27,(304) 766-7452,(996) 911-9760,278 characters,Sent Text
2024-06-28 18:26:37,(304) 766-7452,(996) 911-9760,15.5 MB,Received Media
2024-06-29 14:53:40,(956) 584-7282,(996) 911-9760,242 characters,Received Text
2024-06-29 20:23:29,(956) 584-7282,(996) 911-9760,11.2 MB,Sent Media
2024-06-29 21:29:21,(956) 584-7282,(996) 911-9760,322 characters,Sent Text
2024-07-01 09:03:06,(956) 584-7282,(996) 911-9760,300 characters,Sent Text
2024-07-01 12:48:31,(956) 584-7282,(996) 911-9760,175 characters,Received Text
2024-07-02 08:04:49,(304) 766-7452,(996) 911-9760,191 characters,Sent Text
2024-07-02 14:50:48,(956) 584-7282,(996) 911-9760,49 minutes,Outbound Call
2024-07-03 15:30:08,(304) 766-7452,(996) 911-9760,7.8 MB,Received Media
2024-07-03 17:28:34,(304) 766-7452,(996) 911-9760,202 characters,Sent Text
2024-07-04 19:17:07,(956) 584-7282,(996) 911-9760,251 characters,Sent Text
2024-07-05 08:26:00,(956) 584-7282,(996) 911-9760,252 characters,Received Text
2024-07-05 20:39:30,(304) 766-7452,(996) 911-9760,193 characters,Received Text
2024-07-06 14:23:20,(956) 584-7282,(996) 911-9760,86 minutes,Outbound Call
2024-07-06 16:40:03,(956) 584-7282,(996) 911-9760,166 characters,Sent Text
2024-07-07 10:01:52,(956) 584-7282,(996) 911-9760,308 characters,Received Text
2024-07-07 13:21:10,(304) 766-7452,(996) 911-9760,218 characters,Received Text
2024-07-08 08:56:26,(304) 766-7452,(996) 911-9760,134 characters,Received Text
2024-07-08 21:13:58,(956) 584-7282,(996) 911-9760,23 minutes,Inbound Call
2024-07-09 11:19:18,(956) 584-7282,(996) 911-9760,20 characters,Sent Text
2024-07-09 12:45:55,(956) 584-7282,(996) 911-9760,72 characters,Received Text
2024-07-11 11:39:25,(304) 766-7452,(996) 911-9760,10.4 MB,Sent Media
2024-07-11 11:44:52,(304) 766-7452,(996) 911-9760,332 characters,Received Text
2024-07-13 12:38:15,(956) 584-7282,(996) 911-9760,142 characters,Sent Text
2024-07-14 11:52:17,(304) 766-7452,(996) 911-9760,18 minutes,Inbound Call
2024-07-14 19:03:55,(304) 766-7452,(996) 911-9760,188 characters,Sent Text
2024-07-16 09:53:23,(956) 584-7282,(996) 911-9760,282 characters,Sent Text
2024-07-16 19:48:39,(304) 766-7452,(996) 911-9760,160 characters,Received Text
2024-07-16 21:47:59,(956) 584-7282,(996) 911-9760,319 characters,Received Text
2024-07-17 18:16:24,(956) 584-7282,(996) 911-9760,52 minutes,Inbound Call
2024-07-17 21:00:41,(956) 584-7282,(996) 911-9760,2.6 MB,Received Media
2024-07-19 11:31:23,(304) 766-7452,(996) 911-9760,108 minutes,Outbound Call
2024-07-19 19:46:32,(304) 766-7452,(996) 911-9760,104 characters,Received Text
2024-07-21 09:03:28,(956) 584-7282,(996) 911-9760,79 minutes,Inbound Call
2024-07-21 09:28:10,(304) 766-7452,(996) 911-9760,10 minutes,Outbound Call
2024-07-21 10:18:57,(956) 584-7282,(996) 911-9760,99 minutes,Outbound Call
2024-07-22 10:44:50,(956) 584-7282,(996) 911-9760,4.1 MB,Received Media
2024-07-23 14:31:26,(304) 766-7452,(996) 911-9760,19.0 MB,Received Media
2024-07-24 12:34:41,(304) 766-7452,(996) 911-9760,187 characters,Received Text
2024-07-24 13:58:30,(956) 584-7282,(996) 911-9760,234 characters,Received Text
2024-07-25 11:03:39,(304) 766-7452,(996) 911-9760,70 minutes,Inbound Call
2024-07-25 11:41:18,(304) 766-7452,(996) 911-9760,166 characters,Received Text
2024-07-25 12:34:20,(956) 584-7282,(996) 911-9760,48 minutes,Inbound Call
2024-07-25 14:29:35,(956) 584-7282,(996) 911-9760,336 characters,Received Text
2024-07-25 19:26:30,(956) 584-7282,(996) 911-9760,1.5 MB,Received Media
2024-07-25 21:41:52,(956) 584-7282,(996) 911-9760,16 characters,Sent Text
2024-07-26 10:54:29,(956) 584-7282,(996) 911-9760,283 characters,Received Text
2024-07-26 14:16:11,(304) 766-7452,(996) 911-9760,30 minutes,Outbound Call
2024-07-27 11:19:31,(304) 766-7452,(996) 911-9760,298 characters,Received Text
2024-07-27 17:00:00,(956) 584-7282,(996) 911-9760,10.6 MB,Sent Media
2024-07-28 19:46:47,(956) 584-7282,(996) 911-9760,285 characters,Received Text
2024-07-28 20:12:23,(956) 584-7282,(996) 911-9760,175 characters,Sent Text
2024-07-30 08:15:45,(304) 766-7452,(996) 911-9760,16 characters,Received Text
2024-07-30 13:20:08,(304) 766-7452,(996) 911-9760,47 minutes,Outbound Call
2024-07-31 12:27:27,(304) 766-7452,(996) 911-9760,125 characters,Received Text
2024-08-01 10:34:44,(956) 584-7282,(996) 911-9760,349 characters,Sent Text
2024-08-01 15:09:07,(956) 584-7282,(996) 911-9760,181 characters,Received Text
2024-08-02 10:15:38,(304) 766-7452,(996) 911-9760,6.7 MB,Sent Media
2024-08-03 09:12:18,(956) 584-7282,(996) 911-9760,8.0 MB,Sent Media
2024-08-03 09:28:06,(304) 766-7452,(996) 911-9760,250 characters,Received Text
2024-08-03 20:17:59,(304) 766-7452,(996) 911-9760,206 characters,Sent Text
2024-08-04 11:40:06,(304) 766-7452,(996) 911-9760,67 minutes,Outbound Call
2024-08-04 12:53:40,(304) 766-7452,(996) 911-9760,328 characters,Sent Text
2024-08-04 13:35:42,(956) 584-7282,(996) 911-9760,3 minutes,Inbound Call
2024-08-04 20:23:49,(304) 766-7452,(996) 911-9760,12.1 MB,Sent Media
2024-08-05 10:52:26,(304) 766-7452,(996) 911-9760,90 characters,Received Text
2024-08-05 19:01:24,(956) 584-7282,(996) 911-9760,51 characters,Received Text
2024-08-06 10:28:39,(956) 584-7282,(996) 911-9760,92 minutes,Inbound Call
2024-08-06 15:49:34,(956) 584-7282,(996) 911-9760,4.1 MB,Sent Media
2024-08-06 17:26:44,(304) 766-7452,(996) 911-9760,13.7 MB,Received Media
2024-08-06 19:35:18,(304) 766-7452,(996) 911-9760,45 minutes,Outbound Call
2024-08-06 21:22:22,(304) 766-7452,(996) 911-9760,5.0 MB,Sent Media
2024-08-07 17:32:03,(956) 584-7282,(996) 911-9760,3.6 MB,Sent Media
2024-08-07 21:01:14,(956) 584-7282,(996) 911-9760,76 minutes,Inbound Call
2024-08-08 13:25:30,(304) 766-7452,(996) 911-9760,338 characters,Received Text
2024-08-08 17:58:26,(956) 584-7282,(996) 911-9760,3.3 MB,Sent Media
2024-08-09 10:06:56,(304) 766-7452,(996) 911-9760,235 characters,Received Text
2024-08-09 10:42:48,(304) 766-7452,(996) 911-9760,8 minutes,Inbound Call
2024-08-10 11:48:41,(304) 766-7452,(996) 911-9760,29 minutes,Inbound Call
2024-08-11 10:50:39,(956) 584-7282,(996) 911-9760,42 characters,Sent Text
2024-08-11 18:05:46,(304) 766-7452,(996) 911-9760,262 characters,Received Text
2024-08-11 20:17:54,(956) 584-7282,(996) 911-9760,283 characters,Received Text
